Workbook

Sheet Sheet1
A1: periode_data | B1: tanggal | C1: pm_10 | D1: pm_duakomalima | E1: so2 | F1: co | G1: o3 | H1: no2 | I1: max | J1: critical | K1: categori | L1: lokasi_spku | N1: U1 | O1: U2 | P1: U1^2 | Q1: U2^2 | R1: Jarak D1 | S1: Jarak D2 | T1: F.Objektif | V1: (u1)^m | W1: (u2)^m | X1: (u1)^m.X | Y1: (u2)^m.X | Z1: d1^2 | AA1: d2^2 | AB1: u1 Baru | AC1: u2 Baru | AE1: Label | AF1: ce kecocokan
A2: 202212 | B2: 44926.625 | C2: 54 | D2: 73 | E2: 56 | F2: 24 | G2: 23 | H2: 24 | I2: 73 | J2: PM2,5 | K2: SEDANG | L2: DKI4 | N2: =(C2 - MIN(C$2:C$99)) / (MAX(C$2:C$99) - MIN(C$2:C$99)) -> 0.46551724 | O2: =(D2-MIN(D$2:D$99))/(MAX(D$2:D$99)-MIN(D$2:D$99)) -> 0.28571429 | P2: =(E2-MIN(E$2:E$99))/(MAX(E$2:E$99)-MIN(E$2:E$99)) -> 0.91666667 | Q2: =(F2-MIN(F$2:F$99))/(MAX(F$2:F$99)-MIN(F$2:F$99)) -> 0.78947368 | R2: =(G2-MIN(G$2:G$99))/(MAX(G$2:G$99)-MIN(G$2:G$99)) -> 0.036585366 | S2: =(H2-MIN(H$2:H$99))/(MAX(H$2:H$99)-MIN(H$2:H$99)) -> 0.34375 | T2: =SUM(N2:S2) -> 2.8377072 | V2: 0.1 | W2: =1-V2 -> 0.9 | X2: =V2^2 * N2 -> 0.0046551724 | Y2: =W2^2 * N2 -> 0.37706897 | Z2: =(N2-N$102)^2+(O2-O$102)^2+(P2-P$102)^2+(Q2-Q$102)^2+(R2-R$102)^2+(S2-S$102)^2 -> 0.41615543 | AA2: =(N2-$N$103)^2 + (O2-$O$103)^2 + (P2-$P$103)^2 + (Q2-$Q$103)^2 + (R2-$R$103)^2 + (S2-$S$103)^2 -> 0.52287379 | AB2: =(1/Z2) / ((1/Z2) + (1/AA2)) -> 0.55682377 | AC2: =1 - AB2 -> 0.44317623 | AE2: =IF(AB2 > AC2, 1, 2) -> 1 | AF2: =((VALUE(IF(OR(AND(AE2=2, K2="SEDANG"), AND(AE2=1, K2="TIDAK SEHAT")), 1, 0)))*1)*1 -> 0
A3: 202212 | B3: 44925 | C3: 40 | D3: 64 | E3: 57 | F3: 21 | G3: 17 | H3: 24 | I3: 64 | J3: PM2,5 | K3: SEDANG | L3: DKI4 | N3: =(C3 - MIN(C$2:C$99)) / (MAX(C$2:C$99) - MIN(C$2:C$99)) -> 0.22413793 | O3: =(D3-MIN(D$2:D$99))/(MAX(D$2:D$99)-MIN(D$2:D$99)) -> 0.2 | P3: =(E3-MIN(E$2:E$99))/(MAX(E$2:E$99)-MIN(E$2:E$99)) -> 1 | Q3: =(F3-MIN(F$2:F$99))/(MAX(F$2:F$99)-MIN(F$2:F$99)) -> 0.63157895 | R3: =(G3-MIN(G$2:G$99))/(MAX(G$2:G$99)-MIN(G$2:G$99)) -> 0 | S3: =(H3-MIN(H$2:H$99))/(MAX(H$2:H$99)-MIN(H$2:H$99)) -> 0.34375 | T3: =SUM(N3:S3) -> 2.3994669 | V3: 0.2 | W3: =1-V3 -> 0.8 | X3: =V3^2 * N3 -> 0.0089655172 | Y3: =W3^2 * N3 -> 0.14344828 | Z3: =(N3-$N$102)^2 + (O3-$O$102)^2 + (P3-$P$102)^2 + (Q3-$Q$102)^2 + (R3-$R$102)^2 + (S3-$S$102)^2 -> 0.58184843 | AA3: =(N3-$N$103)^2+(O3-$O$103)^2+(P3-$P$103)^2+(Q3-$Q$103)^2+(R3-$R$103)^2+(S3-$S$103)^2 -> 0.73284298 | AB3: =(1/Z3) / ((1/Z3) + (1/AA3)) -> 0.55742585 | AC3: =1 - AB3 -> 0.44257415 | AE3: =IF(AB3 > AC3, 1, 2) -> 1 | AF3: =((VALUE(IF(OR(AND(AE3=2, K3="SEDANG"), AND(AE3=1, K3="TIDAK SEHAT")), 1, 0)))*1)*1 -> 0
A4: 202207 | B4: 44748 | C4: 75 | D4: 129 | E4: 45 | F4: 25 | G4: 71 | H4: 26 | I4: 129 | J4: PM2,5 | K4: TIDAK SEHAT | L4: DKI4 | N4: =(C4 - MIN(C$2:C$99)) / (MAX(C$2:C$99) - MIN(C$2:C$99)) -> 0.82758621 | O4: =(D4-MIN(D$2:D$99))/(MAX(D$2:D$99)-MIN(D$2:D$99)) -> 0.81904762 | P4: =(E4-MIN(E$2:E$99))/(MAX(E$2:E$99)-MIN(E$2:E$99)) -> 0 | Q4: =(F4-MIN(F$2:F$99))/(MAX(F$2:F$99)-MIN(F$2:F$99)) -> 0.84210526 | R4: =(G4-MIN(G$2:G$99))/(MAX(G$2:G$99)-MIN(G$2:G$99)) -> 0.32926829 | S4: =(H4-MIN(H$2:H$99))/(MAX(H$2:H$99)-MIN(H$2:H$99)) -> 0.40625 | T4: =SUM(N4:S4) -> 3.2242574 | V4: 0.3 | W4: =1-V4 -> 0.7 | X4: =V4^2 * N4 -> 0.074482759 | Y4: =W4^2 * N4 -> 0.40551724 | Z4: =(N4-$N$102)^2 + (O4-$O$102)^2 + (P4-$P$102)^2 + (Q4-$Q$102)^2 + (R4-$R$102)^2 + (S4-$S$102)^2 -> 0.59682758 | AA4: =(N4-$N$103)^2+(O4-$O$103)^2+(P4-$P$103)^2+(Q4-$Q$103)^2+(R4-$R$103)^2+(S4-$S$103)^2 -> 0.48451188 | AB4: =(1/Z4) / ((1/Z4) + (1/AA4)) -> 0.4480664 | AC4: =1 - AB4 -> 0.5519336 | AE4: =IF(AB4 > AC4, 1, 2) -> 2 | AF4: =((VALUE(IF(OR(AND(AE4=2, K4="SEDANG"), AND(AE4=1, K4="TIDAK SEHAT")), 1, 0)))*1)*1 -> 0
A5: 202207 | B5: 44747 | C5: 66 | D5: 110 | E5: 47 | F5: 16 | G5: 61 | H5: 23 | I5: 110 | J5: PM2,5 | K5: TIDAK SEHAT | L5: DKI4 | N5: =(C5 - MIN(C$2:C$99)) / (MAX(C$2:C$99) - MIN(C$2:C$99)) -> 0.67241379 | O5: =(D5-MIN(D$2:D$99))/(MAX(D$2:D$99)-MIN(D$2:D$99)) -> 0.63809524 | P5: =(E5-MIN(E$2:E$99))/(MAX(E$2:E$99)-MIN(E$2:E$99)) -> 0.16666667 | Q5: =(F5-MIN(F$2:F$99))/(MAX(F$2:F$99)-MIN(F$2:F$99)) -> 0.36842105 | R5: =(G5-MIN(G$2:G$99))/(MAX(G$2:G$99)-MIN(G$2:G$99)) -> 0.26829268 | S5: =(H5-MIN(H$2:H$99))/(MAX(H$2:H$99)-MIN(H$2:H$99)) -> 0.3125 | T5: =SUM(N5:S5) -> 2.4263894 | V5: 0.4 | W5: =1-V5 -> 0.6 | X5: =V5^2 * N5 -> 0.10758621 | Y5: =W5^2 * N5 -> 0.24206897 | Z5: =(N5-$N$102)^2 + (O5-$O$102)^2 + (P5-$P$102)^2 + (Q5-$Q$102)^2 + (R5-$R$102)^2 + (S5-$S$102)^2 -> 0.20303689 | AA5: =(N5-$N$103)^2+(O5-$O$103)^2+(P5-$P$103)^2+(Q5-$Q$103)^2+(R5-$R$103)^2+(S5-$S$103)^2 -> 0.10798905 | AB5: =(1/Z5) / ((1/Z5) + (1/AA5)) -> 0.34720272 | AC5: =1 - AB5 -> 0.65279728 | AE5: =IF(AB5 > AC5, 1, 2) -> 2 | AF5: =((VALUE(IF(OR(AND(AE5=2, K5="SEDANG"), AND(AE5=1, K5="TIDAK SEHAT")), 1, 0)))*1)*1 -> 0
A6: 202207 | B6: 44746 | C6: 56 | D6: 78 | E6: 49 | F6: 11 | G6: 60 | H6: 13 | I6: 78 | J6: PM2,5 | K6: SEDANG | L6: DKI4 | N6: =(C6 - MIN(C$2:C$99)) / (MAX(C$2:C$99) - MIN(C$2:C$99)) -> 0.5 | O6: =(D6-MIN(D$2:D$99))/(MAX(D$2:D$99)-MIN(D$2:D$99)) -> 0.33333333 | P6: =(E6-MIN(E$2:E$99))/(MAX(E$2:E$99)-MIN(E$2:E$99)) -> 0.33333333 | Q6: =(F6-MIN(F$2:F$99))/(MAX(F$2:F$99)-MIN(F$2:F$99)) -> 0.10526316 | R6: =(G6-MIN(G$2:G$99))/(MAX(G$2:G$99)-MIN(G$2:G$99)) -> 0.26219512 | S6: =(H6-MIN(H$2:H$99))/(MAX(H$2:H$99)-MIN(H$2:H$99)) -> 0 | T6: =SUM(N6:S6) -> 1.5341249 | V6: 0.5 | W6: =1-V6 -> 0.5 | X6: =V6^2 * N6 -> 0.125 | Y6: =W6^2 * N6 -> 0.125 | Z6: =(N6-$N$102)^2 + (O6-$O$102)^2 + (P6-$P$102)^2 + (Q6-$Q$102)^2 + (R6-$R$102)^2 + (S6-$S$102)^2 -> 0.4712992 | AA6: =(N6-$N$103)^2+(O6-$O$103)^2+(P6-$P$103)^2+(Q6-$Q$103)^2+(R6-$R$103)^2+(S6-$S$103)^2 -> 0.36413806 | AB6: =(1/Z6) / ((1/Z6) + (1/AA6)) -> 0.43586524 | AC6: =1 - AB6 -> 0.56413476 | AE6: =IF(AB6 > AC6, 1, 2) -> 2 | AF6: =((VALUE(IF(OR(AND(AE6=2, K6="SEDANG"), AND(AE6=1, K6="TIDAK SEHAT")), 1, 0)))*1)*1 -> 1
A7: 202207 | B7: 44745 | C7: 78 | D7: 126 | E7: 48 | F7: 17 | G7: 126 | H7: 25 | I7: 126 | J7: PM2,5 | K7: TIDAK SEHAT | L7: DKI2 | N7: =(C7 - MIN(C$2:C$99)) / (MAX(C$2:C$99) - MIN(C$2:C$99)) -> 0.87931034 | O7: =(D7-MIN(D$2:D$99))/(MAX(D$2:D$99)-MIN(D$2:D$99)) -> 0.79047619 | P7: =(E7-MIN(E$2:E$99))/(MAX(E$2:E$99)-MIN(E$2:E$99)) -> 0.25 | Q7: =(F7-MIN(F$2:F$99))/(MAX(F$2:F$99)-MIN(F$2:F$99)) -> 0.42105263 | R7: =(G7-MIN(G$2:G$99))/(MAX(G$2:G$99)-MIN(G$2:G$99)) -> 0.66463415 | S7: =(H7-MIN(H$2:H$99))/(MAX(H$2:H$99)-MIN(H$2:H$99)) -> 0.375 | T7: =SUM(N7:S7) -> 3.3804733 | V7: 0.6 | W7: =1 - V7 -> 0.4 | X7: =V7^2 * N7 -> 0.31655172 | Y7: =W7^2 * N7 -> 0.14068966 | Z7: =(N7-$N$102)^2 + (O7-$O$102)^2 + (P7-$P$102)^2 + (Q7-$Q$102)^2 + (R7-$R$102)^2 + (S7-$S$102)^2 -> 0.50856014 | AA7: =(N7-$N$103)^2+(O7-$O$103)^2+(P7-$P$103)^2+(Q7-$Q$103)^2+(R7-$R$103)^2+(S7-$S$103)^2 -> 0.3097599 | AB7: =(1/Z7) / ((1/Z7) + (1/AA7)) -> 0.37853148 | AC7: =1 - AB7 -> 0.62146852 | AE7: =IF(AB7 > AC7, 1, 2) -> 2 | AF7: =((VALUE(IF(OR(AND(AE7=2, K7="SEDANG"), AND(AE7=1, K7="TIDAK SEHAT")), 1, 0)))*1)*1 -> 0
A8: 202207 | B8: 44744 | C8: 81 | D8: 137 | E8: 47 | F8: 18 | G8: 106 | H8: 29 | I8: 137 | J8: PM2,5 | K8: TIDAK SEHAT | L8: DKI4 | N8: =(C8 - MIN(C$2:C$99)) / (MAX(C$2:C$99) - MIN(C$2:C$99)) -> 0.93103448 | O8: =(D8-MIN(D$2:D$99))/(MAX(D$2:D$99)-MIN(D$2:D$99)) -> 0.8952381 | P8: =(E8-MIN(E$2:E$99))/(MAX(E$2:E$99)-MIN(E$2:E$99)) -> 0.16666667 | Q8: =(F8-MIN(F$2:F$99))/(MAX(F$2:F$99)-MIN(F$2:F$99)) -> 0.47368421 | R8: =(G8-MIN(G$2:G$99))/(MAX(G$2:G$99)-MIN(G$2:G$99)) -> 0.54268293 | S8: =(H8-MIN(H$2:H$99))/(MAX(H$2:H$99)-MIN(H$2:H$99)) -> 0.5 | T8: =SUM(N8:S8) -> 3.5093064 | V8: 0.7 | W8: =1 - V8 -> 0.3 | X8: =V8^2 * N8 -> 0.4562069 | Y8: =W8^2 * N8 -> 0.083793103 | Z8: =(N8-$N$102)^2 + (O8-$O$102)^2 + (P8-$P$102)^2 + (Q8-$Q$102)^2 + (R8-$R$102)^2 + (S8-$S$102)^2 -> 0.53641793 | AA8: =(N8-$N$103)^2+(O8-$O$103)^2+(P8-$P$103)^2+(Q8-$Q$103)^2+(R8-$R$103)^2+(S8-$S$103)^2 -> 0.36842456 | AB8: =(1/Z8) / ((1/Z8) + (1/AA8)) -> 0.40716983 | AC8: =1 - AB8 -> 0.59283017 | AE8: =IF(AB8 > AC8, 1, 2) -> 2 | AF8: =((VALUE(IF(OR(AND(AE8=2, K8="SEDANG"), AND(AE8=1, K8="TIDAK SEHAT")), 1, 0)))*1)*1 -> 0
A9: 202208 | B9: 44774 | C9: 68 | D9: 109 | E9: 50 | F9: 12 | G9: 91 | H9: 19 | I9: 109 | J9: PM2,5 | K9: TIDAK SEHAT | L9: DKI4 | N9: =(C9 - MIN(C$2:C$99)) / (MAX(C$2:C$99) - MIN(C$2:C$99)) -> 0.70689655 | O9: =(D9-MIN(D$2:D$99))/(MAX(D$2:D$99)-MIN(D$2:D$99)) -> 0.62857143 | P9: =(E9-MIN(E$2:E$99))/(MAX(E$2:E$99)-MIN(E$2:E$99)) -> 0.41666667 | Q9: =(F9-MIN(F$2:F$99))/(MAX(F$2:F$99)-MIN(F$2:F$99)) -> 0.15789474 | R9: =(G9-MIN(G$2:G$99))/(MAX(G$2:G$99)-MIN(G$2:G$99)) -> 0.45121951 | S9: =(H9-MIN(H$2:H$99))/(MAX(H$2:H$99)-MIN(H$2:H$99)) -> 0.1875 | T9: =SUM(N9:S9) -> 2.5487489 | V9: 0.8 | W9: =1 - V9 -> 0.2 | X9: =V9^2 * N9 -> 0.45241379 | Y9: =W9^2 * N9 -> 0.028275862 | Z9: =(N9-$N$102)^2 + (O9-$O$102)^2 + (P9-$P$102)^2 + (Q9-$Q$102)^2 + (R9-$R$102)^2 + (S9-$S$102)^2 -> 0.34095818 | AA9: =(N9-$N$103)^2+(O9-$O$103)^2+(P9-$P$103)^2+(Q9-$Q$103)^2+(R9-$R$103)^2+(S9-$S$103)^2 -> 0.18436548 | AB9: =(1/Z9) / ((1/Z9) + (1/AA9)) -> 0.35095598 | AC9: =1 - AB9 -> 0.64904402 | AE9: =IF(AB9 > AC9, 1, 2) -> 2 | AF9: =(VALUE(IF(OR(AND(AE9=2, K9="SEDANG"), AND(AE9=1, K9="TIDAK SEHAT")), 1, 0)))*1 -> 0
A10: 202208 | B10: 44804 | C10: 85 | D10: 148 | E10: 51 | F10: 25 | G10: 74 | H10: 37 | I10: 148 | J10: PM2,5 | K10: TIDAK SEHAT | L10: DKI4 | N10: =(C10 - MIN(C$2:C$99)) / (MAX(C$2:C$99) - MIN(C$2:C$99)) -> 1 | O10: =(D10-MIN(D$2:D$99))/(MAX(D$2:D$99)-MIN(D$2:D$99)) -> 1 | P10: =(E10-MIN(E$2:E$99))/(MAX(E$2:E$99)-MIN(E$2:E$99)) -> 0.5 | Q10: =(F10-MIN(F$2:F$99))/(MAX(F$2:F$99)-MIN(F$2:F$99)) -> 0.84210526 | R10: =(G10-MIN(G$2:G$99))/(MAX(G$2:G$99)-MIN(G$2:G$99)) -> 0.34756098 | S10: =(H10-MIN(H$2:H$99))/(MAX(H$2:H$99)-MIN(H$2:H$99)) -> 0.75 | T10: =SUM(N10:S10) -> 4.4396662 | V10: 0.9 | W10: =1 - V10 -> 0.1 | X10: =V10^2 * N10 -> 0.81 | Y10: =W10^2 * N10 -> 0.01 | Z10: =(N10-$N$102)^2 + (O10-$O$102)^2 + (P10-$P$102)^2 + (Q10-$Q$102)^2 + (R10-$R$102)^2 + (S10-$S$102)^2 -> 0.68750007 | AA10: =(N10-$N$103)^2+(O10-$O$103)^2+(P10-$P$103)^2+(Q10-$Q$103)^2+(R10-$R$103)^2+(S10-$S$103)^2 -> 0.64005831 | AB10: =(1/Z10) / ((1/Z10) + (1/AA10)) -> 0.48213195 | AC10: =1 - AB10 -> 0.51786805 | AE10: =IF(AB10 > AC10, 1, 2) -> 2 | AF10: =(VALUE(IF(OR(AND(AE10=2, K10="SEDANG"), AND(AE10=1, K10="TIDAK SEHAT")), 1, 0)))*1 -> 0
A11: 202208 | B11: 44803 | C11: 59 | D11: 84 | E11: 50 | F11: 15 | G11: 56 | H11: 29 | I11: 84 | J11: PM2,5 | K11: SEDANG | L11: DKI4 | N11: =(C11 - MIN(C$2:C$99)) / (MAX(C$2:C$99) - MIN(C$2:C$99)) -> 0.55172414 | O11: =(D11-MIN(D$2:D$99))/(MAX(D$2:D$99)-MIN(D$2:D$99)) -> 0.39047619 | P11: =(E11-MIN(E$2:E$99))/(MAX(E$2:E$99)-MIN(E$2:E$99)) -> 0.41666667 | Q11: =(F11-MIN(F$2:F$99))/(MAX(F$2:F$99)-MIN(F$2:F$99)) -> 0.31578947 | R11: =(G11-MIN(G$2:G$99))/(MAX(G$2:G$99)-MIN(G$2:G$99)) -> 0.23780488 | S11: =(H11-MIN(H$2:H$99))/(MAX(H$2:H$99)-MIN(H$2:H$99)) -> 0.5 | T11: =SUM(N11:S11) -> 2.4124613 | V11: 0.1 | W11: =1 - V11 -> 0.9 | X11: =V11^2 * N11 -> 0.0055172414 | Y11: =W11^2 * N11 -> 0.44689655 | Z11: =(N11-$N$102)^2 + (O11-$O$102)^2 + (P11-$P$102)^2 + (Q11-$Q$102)^2 + (R11-$R$102)^2 + (S11-$S$102)^2 -> 0.033246608 | AA11: =(N11-$N$103)^2+(O11-$O$103)^2+(P11-$P$103)^2+(Q11-$Q$103)^2+(R11-$R$103)^2+(S11-$S$103)^2 -> 0.042206855 | AB11: =(1/Z11) / ((1/Z11) + (1/AA11)) -> 0.55937599 | AC11: =1 - AB11 -> 0.44062401 | AE11: =IF(AB11 > AC11, 1, 2) -> 1 | AF11: =(VALUE(IF(OR(AND(AE11=2, K11="SEDANG"), AND(AE11=1, K11="TIDAK SEHAT")), 1, 0)))*1 -> 0
A12: 202208 | B12: 44802 | C12: 58 | D12: 82 | E12: 49 | F12: 16 | G12: 55 | H12: 29 | I12: 82 | J12: PM2,5 | K12: SEDANG | L12: DKI4 | N12: =(C12 - MIN(C$2:C$99)) / (MAX(C$2:C$99) - MIN(C$2:C$99)) -> 0.53448276 | O12: =(D12-MIN(D$2:D$99))/(MAX(D$2:D$99)-MIN(D$2:D$99)) -> 0.37142857 | P12: =(E12-MIN(E$2:E$99))/(MAX(E$2:E$99)-MIN(E$2:E$99)) -> 0.33333333 | Q12: =(F12-MIN(F$2:F$99))/(MAX(F$2:F$99)-MIN(F$2:F$99)) -> 0.36842105 | R12: =(G12-MIN(G$2:G$99))/(MAX(G$2:G$99)-MIN(G$2:G$99)) -> 0.23170732 | S12: =(H12-MIN(H$2:H$99))/(MAX(H$2:H$99)-MIN(H$2:H$99)) -> 0.5 | T12: =SUM(N12:S12) -> 2.339373 | V12: 0.11 | W12: =1 - V12 -> 0.89 | X12: =V12^2 * N12 -> 0.0064672414 | Y12: =W12^2 * N12 -> 0.42336379 | Z12: =(N12-$N$102)^2 + (O12-$O$102)^2 + (P12-$P$102)^2 + (Q12-$Q$102)^2 + (R12-$R$102)^2 + (S12-$S$102)^2 -> 0.039213417 | AA12: =(N12-$N$103)^2+(O12-$O$103)^2+(P12-$P$103)^2+(Q12-$Q$103)^2+(R12-$R$103)^2+(S12-$S$103)^2 -> 0.050475008 | AB12: =(1/Z12) / ((1/Z12) + (1/AA12)) -> 0.56278174 | AC12: =1 - AB12 -> 0.43721826 | AE12: =IF(AB12 > AC12, 1, 2) -> 1 | AF12: =(VALUE(IF(OR(AND(AE12=2, K12="SEDANG"), AND(AE12=1, K12="TIDAK SEHAT")), 1, 0)))*1 -> 0
A13: 202208 | B13: 44801 | C13: 64 | D13: 85 | E13: 49 | F13: 17 | G13: 56 | H13: 30 | I13: 85 | J13: PM2,5 | K13: SEDANG | L13: DKI5 | N13: =(C13 - MIN(C$2:C$99)) / (MAX(C$2:C$99) - MIN(C$2:C$99)) -> 0.63793103 | O13: =(D13-MIN(D$2:D$99))/(MAX(D$2:D$99)-MIN(D$2:D$99)) -> 0.4 | P13: =(E13-MIN(E$2:E$99))/(MAX(E$2:E$99)-MIN(E$2:E$99)) -> 0.33333333 | Q13: =(F13-MIN(F$2:F$99))/(MAX(F$2:F$99)-MIN(F$2:F$99)) -> 0.42105263 | R13: =(G13-MIN(G$2:G$99))/(MAX(G$2:G$99)-MIN(G$2:G$99)) -> 0.23780488 | S13: =(H13-MIN(H$2:H$99))/(MAX(H$2:H$99)-MIN(H$2:H$99)) -> 0.53125 | T13: =SUM(N13:S13) -> 2.5613719 | V13: 0.12 | W13: =1 - V13 -> 0.88 | X13: =V13^2 * N13 -> 0.0091862069 | Y13: =W13^2 * N13 -> 0.49401379 | Z13: =(N13-$N$102)^2 + (O13-$O$102)^2 + (P13-$P$102)^2 + (Q13-$Q$102)^2 + (R13-$R$102)^2 + (S13-$S$102)^2 -> 0.028069843 | AA13: =(N13-$N$103)^2+(O13-$O$103)^2+(P13-$P$103)^2+(Q13-$Q$103)^2+(R13-$R$103)^2+(S13-$S$103)^2 -> 0.03166992 | AB13: =(1/Z13) / ((1/Z13) + (1/AA13)) -> 0.53013133 | AC13: =1 - AB13 -> 0.46986867 | AE13: =IF(AB13 > AC13, 1, 2) -> 1 | AF13: =(VALUE(IF(OR(AND(AE13=2, K13="SEDANG"), AND(AE13=1, K13="TIDAK SEHAT")), 1, 0)))*1 -> 0
A14: 202208 | B14: 44800 | C14: 80 | D14: 130 | E14: 50 | F14: 25 | G14: 57 | H14: 37 | I14: 130 | J14: PM2,5 | K14: TIDAK SEHAT | L14: DKI4 | N14: =(C14 - MIN(C$2:C$99)) / (MAX(C$2:C$99) - MIN(C$2:C$99)) -> 0.9137931 | O14: =(D14-MIN(D$2:D$99))/(MAX(D$2:D$99)-MIN(D$2:D$99)) -> 0.82857143 | P14: =(E14-MIN(E$2:E$99))/(MAX(E$2:E$99)-MIN(E$2:E$99)) -> 0.41666667 | Q14: =(F14-MIN(F$2:F$99))/(MAX(F$2:F$99)-MIN(F$2:F$99)) -> 0.84210526 | R14: =(G14-MIN(G$2:G$99))/(MAX(G$2:G$99)-MIN(G$2:G$99)) -> 0.24390244 | S14: =(H14-MIN(H$2:H$99))/(MAX(H$2:H$99)-MIN(H$2:H$99)) -> 0.75 | T14: =SUM(N14:S14) -> 3.9950389 | V14: 0.13 | W14: =1 - V14 -> 0.87 | X14: =V14^2 * N14 -> 0.015443103 | Y14: =W14^2 * N14 -> 0.69165 | Z14: =(N14-$N$102)^2 + (O14-$O$102)^2 + (P14-$P$102)^2 + (Q14-$Q$102)^2 + (R14-$R$102)^2 + (S14-$S$102)^2 -> 0.44329558 | AA14: =(N14-$N$103)^2+(O14-$O$103)^2+(P14-$P$103)^2+(Q14-$Q$103)^2+(R14-$R$103)^2+(S14-$S$103)^2 -> 0.44105125 | AB14: =(1/Z14) / ((1/Z14) + (1/AA14)) -> 0.49873108 | AC14: =1 - AB14 -> 0.50126892 | AE14: =IF(AB14 > AC14, 1, 2) -> 2 | AF14: =(VALUE(IF(OR(AND(AE14=2, K14="SEDANG"), AND(AE14=1, K14="TIDAK SEHAT")), 1, 0)))*1 -> 0
A15: 202208 | B15: 44799 | C15: 76 | D15: 119 | E15: 53 | F15: 19 | G15: 53 | H15: 31 | I15: 119 | J15: PM2,5 | K15: TIDAK SEHAT | L15: DKI4 | N15: =(C15 - MIN(C$2:C$99)) / (MAX(C$2:C$99) - MIN(C$2:C$99)) -> 0.84482759 | O15: =(D15-MIN(D$2:D$99))/(MAX(D$2:D$99)-MIN(D$2:D$99)) -> 0.72380952 | P15: =(E15-MIN(E$2:E$99))/(MAX(E$2:E$99)-MIN(E$2:E$99)) -> 0.66666667 | Q15: =(F15-MIN(F$2:F$99))/(MAX(F$2:F$99)-MIN(F$2:F$99)) -> 0.52631579 | R15: =(G15-MIN(G$2:G$99))/(MAX(G$2:G$99)-MIN(G$2:G$99)) -> 0.2195122 | S15: =(H15-MIN(H$2:H$99))/(MAX(H$2:H$99)-MIN(H$2:H$99)) -> 0.5625 | T15: =SUM(N15:S15) -> 3.5436318 | V15: 0.14 | W15: =1 - V15 -> 0.86 | X15: =V15^2 * N15 -> 0.016558621 | Y15: =W15^2 * N15 -> 0.62483448 | Z15: =(N15-$N$102)^2 + (O15-$O$102)^2 + (P15-$P$102)^2 + (Q15-$Q$102)^2 + (R15-$R$102)^2 + (S15-$S$102)^2 -> 0.1891396 | AA15: =(N15-$N$103)^2+(O15-$O$103)^2+(P15-$P$103)^2+(Q15-$Q$103)^2+(R15-$R$103)^2+(S15-$S$103)^2 -> 0.17321816 | AB15: =(1/Z15) / ((1/Z15) + (1/AA15)) -> 0.47803077 | AC15: =1 - AB15 -> 0.52196923 | AE15: =IF(AB15 > AC15, 1, 2) -> 2 | AF15: =(VALUE(IF(OR(AND(AE15=2, K15="SEDANG"), AND(AE15=1, K15="TIDAK SEHAT")), 1, 0)))*1 -> 0
A16: 202208 | B16: 44798 | C16: 64 | D16: 98 | E16: 50 | F16: 12 | G16: 66 | H16: 19 | I16: 98 | J16: PM2,5 | K16: SEDANG | L16: DKI4 | N16: =(C16 - MIN(C$2:C$99)) / (MAX(C$2:C$99) - MIN(C$2:C$99)) -> 0.63793103 | O16: =(D16-MIN(D$2:D$99))/(MAX(D$2:D$99)-MIN(D$2:D$99)) -> 0.52380952 | P16: =(E16-MIN(E$2:E$99))/(MAX(E$2:E$99)-MIN(E$2:E$99)) -> 0.41666667 | Q16: =(F16-MIN(F$2:F$99))/(MAX(F$2:F$99)-MIN(F$2:F$99)) -> 0.15789474 | R16: =(G16-MIN(G$2:G$99))/(MAX(G$2:G$99)-MIN(G$2:G$99)) -> 0.29878049 | S16: =(H16-MIN(H$2:H$99))/(MAX(H$2:H$99)-MIN(H$2:H$99)) -> 0.1875 | T16: =SUM(N16:S16) -> 2.2225824 | V16: 0.15 | W16: =1 - V16 -> 0.85 | X16: =V16^2 * N16 -> 0.014353448 | Y16: =W16^2 * N16 -> 0.46090517 | Z16: =(N16-$N$102)^2 + (O16-$O$102)^2 + (P16-$P$102)^2 + (Q16-$Q$102)^2 + (R16-$R$102)^2 + (S16-$S$102)^2 -> 0.24547712 | AA16: =(N16-$N$103)^2+(O16-$O$103)^2+(P16-$P$103)^2+(Q16-$Q$103)^2+(R16-$R$103)^2+(S16-$S$103)^2 -> 0.14122292 | AB16: =(1/Z16) / ((1/Z16) + (1/AA16)) -> 0.36520017 | AC16: =1 - AB16 -> 0.63479983 | AE16: =IF(AB16 > AC16, 1, 2) -> 2 | AF16: =(VALUE(IF(OR(AND(AE16=2, K16="SEDANG"), AND(AE16=1, K16="TIDAK SEHAT")), 1, 0)))*1 -> 1
A17: 202208 | B17: 44797 | C17: 71 | D17: 119 | E17: 50 | F17: 15 | G17: 82 | H17: 20 | I17: 119 | J17: PM2,5 | K17: TIDAK SEHAT | L17: DKI4 | N17: =(C17 - MIN(C$2:C$99)) / (MAX(C$2:C$99) - MIN(C$2:C$99)) -> 0.75862069 | O17: =(D17-MIN(D$2:D$99))/(MAX(D$2:D$99)-MIN(D$2:D$99)) -> 0.72380952 | P17: =(E17-MIN(E$2:E$99))/(MAX(E$2:E$99)-MIN(E$2:E$99)) -> 0.41666667 | Q17: =(F17-MIN(F$2:F$99))/(MAX(F$2:F$99)-MIN(F$2:F$99)) -> 0.31578947 | R17: =(G17-MIN(G$2:G$99))/(MAX(G$2:G$99)-MIN(G$2:G$99)) -> 0.39634146 | S17: =(H17-MIN(H$2:H$99))/(MAX(H$2:H$99)-MIN(H$2:H$99)) -> 0.21875 | T17: =SUM(N17:S17) -> 2.8299778 | V17: 0.17 | W17: =1 - V17 -> 0.83 | X17: =V17^2 * N17 -> 0.021924138 | Y17: =W17^2 * N17 -> 0.52261379 | Z17: =(N17-$N$102)^2 + (O17-$O$102)^2 + (P17-$P$102)^2 + (Q17-$Q$102)^2 + (R17-$R$102)^2 + (S17-$S$102)^2 -> 0.28080004 | AA17: =(N17-$N$103)^2+(O17-$O$103)^2+(P17-$P$103)^2+(Q17-$Q$103)^2+(R17-$R$103)^2+(S17-$S$103)^2 -> 0.13471138 | AB17: =(1/Z17) / ((1/Z17) + (1/AA17)) -> 0.32420621 | AC17: =1 - AB17 -> 0.67579379 | AE17: =IF(AB17 > AC17, 1, 2) -> 2 | AF17: =(VALUE(IF(OR(AND(AE17=2, K17="SEDANG"), AND(AE17=1, K17="TIDAK SEHAT")), 1, 0)))*1 -> 0
A18: 202208 | B18: 44796 | C18: 76 | D18: 116 | E18: 49 | F18: 17 | G18: 81 | H18: 27 | I18: 116 | J18: PM2,5 | K18: TIDAK SEHAT | L18: DKI4 | N18: =(C18 - MIN(C$2:C$99)) / (MAX(C$2:C$99) - MIN(C$2:C$99)) -> 0.84482759 | O18: =(D18-MIN(D$2:D$99))/(MAX(D$2:D$99)-MIN(D$2:D$99)) -> 0.6952381 | P18: =(E18-MIN(E$2:E$99))/(MAX(E$2:E$99)-MIN(E$2:E$99)) -> 0.33333333 | Q18: =(F18-MIN(F$2:F$99))/(MAX(F$2:F$99)-MIN(F$2:F$99)) -> 0.42105263 | R18: =(G18-MIN(G$2:G$99))/(MAX(G$2:G$99)-MIN(G$2:G$99)) -> 0.3902439 | S18: =(H18-MIN(H$2:H$99))/(MAX(H$2:H$99)-MIN(H$2:H$99)) -> 0.4375 | T18: =SUM(N18:S18) -> 3.1221955 | V18: 0.18 | W18: =1 - V18 -> 0.82 | X18: =V18^2 * N18 -> 0.027372414 | Y18: =W18^2 * N18 -> 0.56806207 | Z18: =(N18-$N$102)^2 + (O18-$O$102)^2 + (P18-$P$102)^2 + (Q18-$Q$102)^2 + (R18-$R$102)^2 + (S18-$S$102)^2 -> 0.20104576 | AA18: =(N18-$N$103)^2+(O18-$O$103)^2+(P18-$P$103)^2+(Q18-$Q$103)^2+(R18-$R$103)^2+(S18-$S$103)^2 -> 0.094460207 | AB18: =(1/Z18) / ((1/Z18) + (1/AA18)) -> 0.31965584 | AC18: =1 - AB18 -> 0.68034416 | AE18: =IF(AB18 > AC18, 1, 2) -> 2 | AF18: =(VALUE(IF(OR(AND(AE18=2, K18="SEDANG"), AND(AE18=1, K18="TIDAK SEHAT")), 1, 0)))*1 -> 0
A19: 202208 | B19: 44795 | C19: 57 | D19: 78 | E19: 49 | F19: 13 | G19: 79 | H19: 22 | I19: 79 | J19: O3 | K19: SEDANG | L19: DKI2 | N19: =(C19 - MIN(C$2:C$99)) / (MAX(C$2:C$99) - MIN(C$2:C$99)) -> 0.51724138 | O19: =(D19-MIN(D$2:D$99))/(MAX(D$2:D$99)-MIN(D$2:D$99)) -> 0.33333333 | P19: =(E19-MIN(E$2:E$99))/(MAX(E$2:E$99)-MIN(E$2:E$99)) -> 0.33333333 | Q19: =(F19-MIN(F$2:F$99))/(MAX(F$2:F$99)-MIN(F$2:F$99)) -> 0.21052632 | R19: =(G19-MIN(G$2:G$99))/(MAX(G$2:G$99)-MIN(G$2:G$99)) -> 0.37804878 | S19: =(H19-MIN(H$2:H$99))/(MAX(H$2:H$99)-MIN(H$2:H$99)) -> 0.28125 | T19: =SUM(N19:S19) -> 2.0537331 | V19: 0.19 | W19: =1 - V19 -> 0.81 | X19: =V19^2 * N19 -> 0.018672414 | Y19: =W19^2 * N19 -> 0.33936207 | Z19: =(N19-$N$102)^2+(O19-$O$102)^2+(P19-$P$102)^2+(Q19-$Q$102)^2+(R19-$R$102)^2+(S19-$S$102)^2 -> 0.20616358 | AA19: =(N19-$N$103)^2+(O19-$O$103)^2+(P19-$P$103)^2+(Q19-$Q$103)^2+(R19-$R$103)^2+(S19-$S$103)^2 -> 0.13762803 | AB19: =(1/Z19) / ((1/Z19) + (1/AA19)) -> 0.40032399 | AC19: =1 - AB19 -> 0.59967601 | AE19: =IF(AB19 > AC19, 1, 2) -> 2 | AF19: =(VALUE(IF(OR(AND(AE19=2, K19="SEDANG"), AND(AE19=1, K19="TIDAK SEHAT")), 1, 0)))*1 -> 1
A20: 202208 | B20: 44794 | C20: 59 | D20: 101 | E20: 49 | F20: 13 | G20: 65 | H20: 17 | I20: 101 | J20: PM2,5 | K20: TIDAK SEHAT | L20: DKI4 | N20: =(C20 - MIN(C$2:C$99)) / (MAX(C$2:C$99) - MIN(C$2:C$99)) -> 0.55172414 | O20: =(D20-MIN(D$2:D$99))/(MAX(D$2:D$99)-MIN(D$2:D$99)) -> 0.55238095 | P20: =(E20-MIN(E$2:E$99))/(MAX(E$2:E$99)-MIN(E$2:E$99)) -> 0.33333333 | Q20: =(F20-MIN(F$2:F$99))/(MAX(F$2:F$99)-MIN(F$2:F$99)) -> 0.21052632 | R20: =(G20-MIN(G$2:G$99))/(MAX(G$2:G$99)-MIN(G$2:G$99)) -> 0.29268293 | S20: =(H20-MIN(H$2:H$99))/(MAX(H$2:H$99)-MIN(H$2:H$99)) -> 0.125 | T20: =SUM(N20:S20) -> 2.0656477 | V20: 0.2 | W20: =1 - V20 -> 0.8 | X20: =V20^2 * N20 -> 0.022068966 | Y20: =W20^2 * N20 -> 0.35310345 | Z20: =(N20-$N$102)^2 + (O20-$O$102)^2 + (P20-$P$102)^2 + (Q20-$Q$102)^2 + (R20-$R$102)^2 + (S20-$S$102)^2 -> 0.2814094 | AA20: =(N20-$N$103)^2+(O20-$O$103)^2+(P20-$P$103)^2+(Q20-$Q$103)^2+(R20-$R$103)^2+(S20-$S$103)^2 -> 0.16967211 | AB20: =(1/Z20) / ((1/Z20) + (1/AA20)) -> 0.37614512 | AC20: =1 - AB20 -> 0.62385488 | AE20: =IF(AB20 > AC20, 1, 2) -> 2 | AF20: =(VALUE(IF(OR(AND(AE20=2, K20="SEDANG"), AND(AE20=1, K20="TIDAK SEHAT")), 1, 0)))*1 -> 0
A21: 202208 | B21: 44793 | C21: 76 | D21: 117 | E21: 50 | F21: 14 | G21: 69 | H21: 18 | I21: 117 | J21: PM2,5 | K21: TIDAK SEHAT | L21: DKI4 | N21: =(C21 - MIN(C$2:C$99)) / (MAX(C$2:C$99) - MIN(C$2:C$99)) -> 0.84482759 | O21: =(D21-MIN(D$2:D$99))/(MAX(D$2:D$99)-MIN(D$2:D$99)) -> 0.7047619 | P21: =(E21-MIN(E$2:E$99))/(MAX(E$2:E$99)-MIN(E$2:E$99)) -> 0.41666667 | Q21: =(F21-MIN(F$2:F$99))/(MAX(F$2:F$99)-MIN(F$2:F$99)) -> 0.26315789 | R21: =(G21-MIN(G$2:G$99))/(MAX(G$2:G$99)-MIN(G$2:G$99)) -> 0.31707317 | S21: =(H21-MIN(H$2:H$99))/(MAX(H$2:H$99)-MIN(H$2:H$99)) -> 0.15625 | T21: =SUM(N21:S21) -> 2.7027372 | V21: 0.21 | W21: =1 - V21 -> 0.79 | X21: =V21^2 * N21 -> 0.037256897 | Y21: =W21^2 * N21 -> 0.5272569 | Z21: =(N21-$N$102)^2 + (O21-$O$102)^2 + (P21-$P$102)^2 + (Q21-$Q$102)^2 + (R21-$R$102)^2 + (S21-$S$102)^2 -> 0.34556508 | AA21: =(N21-$N$103)^2+(O21-$O$103)^2+(P21-$P$103)^2+(Q21-$Q$103)^2+(R21-$R$103)^2+(S21-$S$103)^2 -> 0.19137128 | AB21: =(1/Z21) / ((1/Z21) + (1/AA21)) -> 0.35641333 | AC21: =1 - AB21 -> 0.64358667 | AE21: =IF(AB21 > AC21, 1, 2) -> 2 | AF21: =(VALUE(IF(OR(AND(AE21=2, K21="SEDANG"), AND(AE21=1, K21="TIDAK SEHAT")), 1, 0)))*1 -> 0
A22: 202208 | B22: 44792 | C22: 70 | D22: 105 | E22: 49 | F22: 14 | G22: 66 | H22: 26 | I22: 105 | J22: PM2,5 | K22: TIDAK SEHAT | L22: DKI4 | N22: =(C22 - MIN(C$2:C$99)) / (MAX(C$2:C$99) - MIN(C$2:C$99)) -> 0.74137931 | O22: =(D22-MIN(D$2:D$99))/(MAX(D$2:D$99)-MIN(D$2:D$99)) -> 0.59047619 | P22: =(E22-MIN(E$2:E$99))/(MAX(E$2:E$99)-MIN(E$2:E$99)) -> 0.33333333 | Q22: =(F22-MIN(F$2:F$99))/(MAX(F$2:F$99)-MIN(F$2:F$99)) -> 0.26315789 | R22: =(G22-MIN(G$2:G$99))/(MAX(G$2:G$99)-MIN(G$2:G$99)) -> 0.29878049 | S22: =(H22-MIN(H$2:H$99))/(MAX(H$2:H$99)-MIN(H$2:H$99)) -> 0.40625 | T22: =SUM(N22:S22) -> 2.6333772 | V22: 0.22 | W22: =1 - V22 -> 0.78 | X22: =V22^2 * N22 -> 0.035882759 | Y22: =W22^2 * N22 -> 0.45105517 | Z22: =(N22-$N$102)^2 + (O22-$O$102)^2 + (P22-$P$102)^2 + (Q22-$Q$102)^2 + (R22-$R$102)^2 + (S22-$S$102)^2 -> 0.13437479 | AA22: =(N22-$N$103)^2+(O22-$O$103)^2+(P22-$P$103)^2+(Q22-$Q$103)^2+(R22-$R$103)^2+(S22-$S$103)^2 -> 0.055696843 | AB22: =(1/Z22) / ((1/Z22) + (1/AA22)) -> 0.29303081 | AC22: =1 - AB22 -> 0.70696919 | AE22: =IF(AB22 > AC22, 1, 2) -> 2 | AF22: =(VALUE(IF(OR(AND(AE22=2, K22="SEDANG"), AND(AE22=1, K22="TIDAK SEHAT")), 1, 0)))*1 -> 0
A23: 202208 | B23: 44791 | C23: 64 | D23: 89 | E23: 49 | F23: 25 | G23: 84 | H23: 28 | I23: 89 | J23: PM2,5 | K23: SEDANG | L23: DKI4 | N23: =(C23 - MIN(C$2:C$99)) / (MAX(C$2:C$99) - MIN(C$2:C$99)) -> 0.63793103 | O23: =(D23-MIN(D$2:D$99))/(MAX(D$2:D$99)-MIN(D$2:D$99)) -> 0.43809524 | P23: =(E23-MIN(E$2:E$99))/(MAX(E$2:E$99)-MIN(E$2:E$99)) -> 0.33333333 | Q23: =(F23-MIN(F$2:F$99))/(MAX(F$2:F$99)-MIN(F$2:F$99)) -> 0.84210526 | R23: =(G23-MIN(G$2:G$99))/(MAX(G$2:G$99)-MIN(G$2:G$99)) -> 0.40853659 | S23: =(H23-MIN(H$2:H$99))/(MAX(H$2:H$99)-MIN(H$2:H$99)) -> 0.46875 | T23: =SUM(N23:S23) -> 3.1287515 | V23: 0.23 | W23: =1 - V23 -> 0.77 | X23: =V23^2 * N23 -> 0.033746552 | Y23: =W23^2 * N23 -> 0.37822931 | Z23: =(N23-$N$102)^2 + (O23-$O$102)^2 + (P23-$P$102)^2 + (Q23-$Q$102)^2 + (R23-$R$102)^2 + (S23-$S$102)^2 -> 0.22023988 | AA23: =(N23-$N$103)^2+(O23-$O$103)^2+(P23-$P$103)^2+(Q23-$Q$103)^2+(R23-$R$103)^2+(S23-$S$103)^2 -> 0.1951815 | AB23: =(1/Z23) / ((1/Z23) + (1/AA23)) -> 0.4698398 | AC23: =1 - AB23 -> 0.5301602 | AE23: =IF(AB23 > AC23, 1, 2) -> 2 | AF23: =(VALUE(IF(OR(AND(AE23=2, K23="SEDANG"), AND(AE23=1, K23="TIDAK SEHAT")), 1, 0)))*1 -> 1
A24: 202208 | B24: 44790 | C24: 55 | D24: 78 | E24: 48 | F24: 17 | G24: 108 | H24: 25 | I24: 108 | J24: O3 | K24: TIDAK SEHAT | L24: DKI2 | N24: =(C24 - MIN(C$2:C$99)) / (MAX(C$2:C$99) - MIN(C$2:C$99)) -> 0.48275862 | O24: =(D24-MIN(D$2:D$99))/(MAX(D$2:D$99)-MIN(D$2:D$99)) -> 0.33333333 | P24: =(E24-MIN(E$2:E$99))/(MAX(E$2:E$99)-MIN(E$2:E$99)) -> 0.25 | Q24: =(F24-MIN(F$2:F$99))/(MAX(F$2:F$99)-MIN(F$2:F$99)) -> 0.42105263 | R24: =(G24-MIN(G$2:G$99))/(MAX(G$2:G$99)-MIN(G$2:G$99)) -> 0.55487805 | S24: =(H24-MIN(H$2:H$99))/(MAX(H$2:H$99)-MIN(H$2:H$99)) -> 0.375 | T24: =SUM(N24:S24) -> 2.4170226 | V24: 0.24 | W24: =1 - V24 -> 0.76 | X24: =V24^2 * N24 -> 0.027806897 | Y24: =W24^2 * N24 -> 0.27884138 | Z24: =(N24-$N$102)^2 + (O24-$O$102)^2 + (P24-$P$102)^2 + (Q24-$Q$102)^2 + (R24-$R$102)^2 + (S24-$S$102)^2 -> 0.23624239 | AA24: =(N24-$N$103)^2+(O24-$O$103)^2+(P24-$P$103)^2+(Q24-$Q$103)^2+(R24-$R$103)^2+(S24-$S$103)^2 -> 0.16037087 | AB24: =(1/Z24) / ((1/Z24) + (1/AA24)) -> 0.40435075 | AC24: =1 - AB24 -> 0.59564925 | AE24: =IF(AB24 > AC24, 1, 2) -> 2 | AF24: =(VALUE(IF(OR(AND(AE24=2, K24="SEDANG"), AND(AE24=1, K24="TIDAK SEHAT")), 1, 0)))*1 -> 0
A25: 202208 | B25: 44789 | C25: 61 | D25: 89 | E25: 51 | F25: 15 | G25: 181 | H25: 33 | I25: 181 | J25: O3 | K25: TIDAK SEHAT | L25: DKI2 | N25: =(C25 - MIN(C$2:C$99)) / (MAX(C$2:C$99) - MIN(C$2:C$99)) -> 0.5862069 | O25: =(D25-MIN(D$2:D$99))/(MAX(D$2:D$99)-MIN(D$2:D$99)) -> 0.43809524 | P25: =(E25-MIN(E$2:E$99))/(MAX(E$2:E$99)-MIN(E$2:E$99)) -> 0.5 | Q25: =(F25-MIN(F$2:F$99))/(MAX(F$2:F$99)-MIN(F$2:F$99)) -> 0.31578947 | R25: =(G25-MIN(G$2:G$99))/(MAX(G$2:G$99)-MIN(G$2:G$99)) -> 1 | S25: =(H25-MIN(H$2:H$99))/(MAX(H$2:H$99)-MIN(H$2:H$99)) -> 0.625 | T25: =SUM(N25:S25) -> 3.4650916 | V25: 0.25 | W25: =1 - V25 -> 0.75 | X25: =V25^2 * N25 -> 0.036637931 | Y25: =W25^2 * N25 -> 0.32974138 | Z25: =(N25-$N$102)^2 + (O25-$O$102)^2 + (P25-$P$102)^2 + (Q25-$Q$102)^2 + (R25-$R$102)^2 + (S25-$S$102)^2 -> 0.68739194 | AA25: =(N25-$N$103)^2+(O25-$O$103)^2+(P25-$P$103)^2+(Q25-$Q$103)^2+(R25-$R$103)^2+(S25-$S$103)^2 -> 0.55833787 | AB25: =(1/Z25) / ((1/Z25) + (1/AA25)) -> 0.44820142 | AC25: =1 - AB25 -> 0.55179858 | AE25: =IF(AB25 > AC25, 1, 2) -> 2 | AF25: =(VALUE(IF(OR(AND(AE25=2, K25="SEDANG"), AND(AE25=1, K25="TIDAK SEHAT")), 1, 0)))*1 -> 0
A26: 202208 | B26: 44788 | C26: 64 | D26: 84 | E26: 50 | F26: 17 | G26: 63 | H26: 28 | I26: 84 | J26: PM2,5 | K26: SEDANG | L26: DKI4 | N26: =(C26 - MIN(C$2:C$99)) / (MAX(C$2:C$99) - MIN(C$2:C$99)) -> 0.63793103 | O26: =(D26-MIN(D$2:D$99))/(MAX(D$2:D$99)-MIN(D$2:D$99)) -> 0.39047619 | P26: =(E26-MIN(E$2:E$99))/(MAX(E$2:E$99)-MIN(E$2:E$99)) -> 0.41666667 | Q26: =(F26-MIN(F$2:F$99))/(MAX(F$2:F$99)-MIN(F$2:F$99)) -> 0.42105263 | R26: =(G26-MIN(G$2:G$99))/(MAX(G$2:G$99)-MIN(G$2:G$99)) -> 0.2804878 | S26: =(H26-MIN(H$2:H$99))/(MAX(H$2:H$99)-MIN(H$2:H$99)) -> 0.46875 | T26: =SUM(N26:S26) -> 2.6153643 | V26: 0.26 | W26: =1 - V26 -> 0.74 | X26: =V26^2 * N26 -> 0.043124138 | Y26: =W26^2 * N26 -> 0.34933103 | Z26: =(N26-$N$102)^2 + (O26-$O$102)^2 + (P26-$P$102)^2 + (Q26-$Q$102)^2 + (R26-$R$102)^2 + (S26-$S$102)^2 -> 0.026046201 | AA26: =(N26-$N$103)^2+(O26-$O$103)^2+(P26-$P$103)^2+(Q26-$Q$103)^2+(R26-$R$103)^2+(S26-$S$103)^2 -> 0.014875186 | AB26: =(1/Z26) / ((1/Z26) + (1/AA26)) -> 0.36350639 | AC26: =1 - AB26 -> 0.63649361 | AE26: =IF(AB26 > AC26, 1, 2) -> 2 | AF26: =(VALUE(IF(OR(AND(AE26=2, K26="SEDANG"), AND(AE26=1, K26="TIDAK SEHAT")), 1, 0)))*1 -> 1
A27: 202208 | B27: 44787 | C27: 68 | D27: 93 | E27: 50 | F27: 14 | G27: 80 | H27: 20 | I27: 93 | J27: PM2,5 | K27: SEDANG | L27: DKI4 | N27: =(C27 - MIN(C$2:C$99)) / (MAX(C$2:C$99) - MIN(C$2:C$99)) -> 0.70689655 | O27: =(D27-MIN(D$2:D$99))/(MAX(D$2:D$99)-MIN(D$2:D$99)) -> 0.47619048 | P27: =(E27-MIN(E$2:E$99))/(MAX(E$2:E$99)-MIN(E$2:E$99)) -> 0.41666667 | Q27: =(F27-MIN(F$2:F$99))/(MAX(F$2:F$99)-MIN(F$2:F$99)) -> 0.26315789 | R27: =(G27-MIN(G$2:G$99))/(MAX(G$2:G$99)-MIN(G$2:G$99)) -> 0.38414634 | S27: =(H27-MIN(H$2:H$99))/(MAX(H$2:H$99)-MIN(H$2:H$99)) -> 0.21875 | T27: =SUM(N27:S27) -> 2.4658079 | V27: 0.27 | W27: =1 - V27 -> 0.73 | X27: =V27^2 * N27 -> 0.051532759 | Y27: =W27^2 * N27 -> 0.37670517 | Z27: =(N27-$N$102)^2 + (O27-$O$102)^2 + (P27-$P$102)^2 + (Q27-$Q$102)^2 + (R27-$R$102)^2 + (S27-$S$102)^2 -> 0.20528524 | AA27: =(N27-$N$103)^2+(O27-$O$103)^2+(P27-$P$103)^2+(Q27-$Q$103)^2+(R27-$R$103)^2+(S27-$S$103)^2 -> 0.092399598 | AB27: =(1/Z27) / ((1/Z27) + (1/AA27)) -> 0.31039404 | AC27: =1 - AB27 -> 0.68960596 | AE27: =IF(AB27 > AC27, 1, 2) -> 2 | AF27: =(VALUE(IF(OR(AND(AE27=2, K27="SEDANG"), AND(AE27=1, K27="TIDAK SEHAT")), 1, 0)))*1 -> 1
A28: 202208 | B28: 44786 | C28: 58 | D28: 77 | E28: 48 | F28: 21 | G28: 76 | H28: 36 | I28: 77 | J28: PM2,5 | K28: SEDANG | L28: DKI5 | N28: =(C28 - MIN(C$2:C$99)) / (MAX(C$2:C$99) - MIN(C$2:C$99)) -> 0.53448276 | O28: =(D28-MIN(D$2:D$99))/(MAX(D$2:D$99)-MIN(D$2:D$99)) -> 0.32380952 | P28: =(E28-MIN(E$2:E$99))/(MAX(E$2:E$99)-MIN(E$2:E$99)) -> 0.25 | Q28: =(F28-MIN(F$2:F$99))/(MAX(F$2:F$99)-MIN(F$2:F$99)) -> 0.63157895 | R28: =(G28-MIN(G$2:G$99))/(MAX(G$2:G$99)-MIN(G$2:G$99)) -> 0.3597561 | S28: =(H28-MIN(H$2:H$99))/(MAX(H$2:H$99)-MIN(H$2:H$99)) -> 0.71875 | T28: =SUM(N28:S28) -> 2.8183773 | V28: 0.28 | W28: =1 - V28 -> 0.72 | X28: =V28^2 * N28 -> 0.041903448 | Y28: =W28^2 * N28 -> 0.27707586 | Z28: =(N28-$N$102)^2 + (O28-$O$102)^2 + (P28-$P$102)^2 + (Q28-$Q$102)^2 + (R28-$R$102)^2 + (S28-$S$102)^2 -> 0.15254246 | AA28: =(N28-$N$103)^2+(O28-$O$103)^2+(P28-$P$103)^2+(Q28-$Q$103)^2+(R28-$R$103)^2+(S28-$S$103)^2 -> 0.1970721 | AB28: =(1/Z28) / ((1/Z28) + (1/AA28)) -> 0.5636839 | AC28: =1 - AB28 -> 0.4363161 | AE28: =IF(AB28 > AC28, 1, 2) -> 1 | AF28: =(VALUE(IF(OR(AND(AE28=2, K28="SEDANG"), AND(AE28=1, K28="TIDAK SEHAT")), 1, 0)))*1 -> 0
A29: 202208 | B29: 44785 | C29: 65 | D29: 94 | E29: 49 | F29: 17 | G29: 97 | H29: 25 | I29: 97 | J29: O3 | K29: SEDANG | L29: DKI2 | N29: =(C29 - MIN(C$2:C$99)) / (MAX(C$2:C$99) - MIN(C$2:C$99)) -> 0.65517241 | O29: =(D29-MIN(D$2:D$99))/(MAX(D$2:D$99)-MIN(D$2:D$99)) -> 0.48571429 | P29: =(E29-MIN(E$2:E$99))/(MAX(E$2:E$99)-MIN(E$2:E$99)) -> 0.33333333 | Q29: =(F29-MIN(F$2:F$99))/(MAX(F$2:F$99)-MIN(F$2:F$99)) -> 0.42105263 | R29: =(G29-MIN(G$2:G$99))/(MAX(G$2:G$99)-MIN(G$2:G$99)) -> 0.48780488 | S29: =(H29-MIN(H$2:H$99))/(MAX(H$2:H$99)-MIN(H$2:H$99)) -> 0.375 | T29: =SUM(N29:S29) -> 2.7580775 | V29: 0.29 | W29: =1 - V29 -> 0.71 | X29: =V29^2 * N29 -> 0.0551 | Y29: =W29^2 * N29 -> 0.33027241 | Z29: =(N29-$N$102)^2 + (O29-$O$102)^2 + (P29-$P$102)^2 + (Q29-$Q$102)^2 + (R29-$R$102)^2 + (S29-$S$102)^2 -> 0.1455107 | AA29: =(N29-$N$103)^2+(O29-$O$103)^2+(P29-$P$103)^2+(Q29-$Q$103)^2+(R29-$R$103)^2+(S29-$S$103)^2 -> 0.051881353 | AB29: =(1/Z29) / ((1/Z29) + (1/AA29)) -> 0.26283405 | AC29: =1 - AB29 -> 0.73716595 | AE29: =IF(AB29 > AC29, 1, 2) -> 2 | AF29: =(VALUE(IF(OR(AND(AE29=2, K29="SEDANG"), AND(AE29=1, K29="TIDAK SEHAT")), 1, 0)))*1 -> 1
A30: 202208 | B30: 44784 | C30: 74 | D30: 107 | E30: 52 | F30: 19 | G30: 80 | H30: 27 | I30: 107 | J30: PM2,5 | K30: TIDAK SEHAT | L30: DKI4 | N30: =(C30 - MIN(C$2:C$99)) / (MAX(C$2:C$99) - MIN(C$2:C$99)) -> 0.81034483 | O30: =(D30-MIN(D$2:D$99))/(MAX(D$2:D$99)-MIN(D$2:D$99)) -> 0.60952381 | P30: =(E30-MIN(E$2:E$99))/(MAX(E$2:E$99)-MIN(E$2:E$99)) -> 0.58333333 | Q30: =(F30-MIN(F$2:F$99))/(MAX(F$2:F$99)-MIN(F$2:F$99)) -> 0.52631579 | R30: =(G30-MIN(G$2:G$99))/(MAX(G$2:G$99)-MIN(G$2:G$99)) -> 0.38414634 | S30: =(H30-MIN(H$2:H$99))/(MAX(H$2:H$99)-MIN(H$2:H$99)) -> 0.4375 | T30: =SUM(N30:S30) -> 3.3511641 | V30: 0.3 | W30: =1 - V30 -> 0.7 | X30: =V30^2 * N30 -> 0.072931034 | Y30: =W30^2 * N30 -> 0.39706897 | Z30: =(N30-$N$102)^2 + (O30-$O$102)^2 + (P30-$P$102)^2 + (Q30-$Q$102)^2 + (R30-$R$102)^2 + (S30-$S$102)^2 -> 0.14597523 | AA30: =(N30-$N$103)^2+(O30-$O$103)^2+(P30-$P$103)^2+(Q30-$Q$103)^2+(R30-$R$103)^2+(S30-$S$103)^2 -> 0.079573344 | AB30: =(1/Z30) / ((1/Z30) + (1/AA30)) -> 0.35279915 | AC30: =1 - AB30 -> 0.64720085 | AE30: =IF(AB30 > AC30, 1, 2) -> 2 | AF30: =(VALUE(IF(OR(AND(AE30=2, K30="SEDANG"), AND(AE30=1, K30="TIDAK SEHAT")), 1, 0)))*1 -> 0
A31: 202208 | B31: 44783 | C31: 73 | D31: 116 | E31: 49 | F31: 19 | G31: 82 | H31: 29 | I31: 116 | J31: PM2,5 | K31: TIDAK SEHAT | L31: DKI4 | N31: =(C31 - MIN(C$2:C$99)) / (MAX(C$2:C$99) - MIN(C$2:C$99)) -> 0.79310345 | O31: =(D31-MIN(D$2:D$99))/(MAX(D$2:D$99)-MIN(D$2:D$99)) -> 0.6952381 | P31: =(E31-MIN(E$2:E$99))/(MAX(E$2:E$99)-MIN(E$2:E$99)) -> 0.33333333 | Q31: =(F31-MIN(F$2:F$99))/(MAX(F$2:F$99)-MIN(F$2:F$99)) -> 0.52631579 | R31: =(G31-MIN(G$2:G$99))/(MAX(G$2:G$99)-MIN(G$2:G$99)) -> 0.39634146 | S31: =(H31-MIN(H$2:H$99))/(MAX(H$2:H$99)-MIN(H$2:H$99)) -> 0.5 | T31: =SUM(N31:S31) -> 3.2443321 | V31: 0.31 | W31: =1 - V31 -> 0.69 | X31: =V31^2 * N31 -> 0.076217241 | Y31: =W31^2 * N31 -> 0.37759655 | Z31: =(N31-$N$102)^2 + (O31-$O$102)^2 + (P31-$P$102)^2 + (Q31-$Q$102)^2 + (R31-$R$102)^2 + (S31-$S$102)^2 -> 0.17138795 | AA31: =(N31-$N$103)^2+(O31-$O$103)^2+(P31-$P$103)^2+(Q31-$Q$103)^2+(R31-$R$103)^2+(S31-$S$103)^2 -> 0.089265597 | AB31: =(1/Z31) / ((1/Z31) + (1/AA31)) -> 0.34246837 | AC31: =1 - AB31 -> 0.65753163 | AE31: =IF(AB31 > AC31, 1, 2) -> 2 | AF31: =(VALUE(IF(OR(AND(AE31=2, K31="SEDANG"), AND(AE31=1, K31="TIDAK SEHAT")), 1, 0)))*1 -> 0
... A35: 202208 | B35: 44779 | C35: 69 | D35: 101 | E35: 49 | F35: 19 | G35: 87 | H35: 29 | I35: 101 | J35: PM2,5 | K35: TIDAK SEHAT | L35: DKI4 | N35: =(C35 - MIN(C$2:C$99)) / (MAX(C$2:C$99) - MIN(C$2:C$99)) -> 0.72413793 | O35: =(D35-MIN(D$2:D$99))/(MAX(D$2:D$99)-MIN(D$2:D$99)) -> 0.55238095 | P35: =(E35-MIN(E$2:E$99))/(MAX(E$2:E$99)-MIN(E$2:E$99)) -> 0.33333333 | Q35: =(F35-MIN(F$2:F$99))/(MAX(F$2:F$99)-MIN(F$2:F$99)) -> 0.52631579 | R35: =(G35-MIN(G$2:G$99))/(MAX(G$2:G$99)-MIN(G$2:G$99)) -> 0.42682927 | S35: =(H35-MIN(H$2:H$99))/(MAX(H$2:H$99)-MIN(H$2:H$99)) -> 0.5 | T35: =SUM(N35:S35) -> 3.0629973 | V35: 0.35 | W35: =1 - V35 -> 0.65 | X35: =V35^2 * N35 -> 0.088706897 | Y35: =W35^2 * N35 -> 0.30594828 | Z35: =(N35-$N$102)^2 + (O35-$O$102)^2 + (P35-$P$102)^2 + (Q35-$Q$102)^2 + (R35-$R$102)^2 + (S35-$S$102)^2 -> 0.11148372 | AA35: =(N35-$N$103)^2+(O35-$O$103)^2+(P35-$P$103)^2+(Q35-$Q$103)^2+(R35-$R$103)^2+(S35-$S$103)^2 -> 0.047244086 | AB35: =(1/Z35) / ((1/Z35) + (1/AA35)) -> 0.29764216 | AC35: =1 - AB35 -> 0.70235784 | AE35: =IF(AB35 > AC35, 1, 2) -> 2 | AF35: =(VALUE(IF(OR(AND(AE35=2, K35="SEDANG"), AND(AE35=1, K35="TIDAK SEHAT")), 1, 0)))*1 -> 0
A36: 202208 | B36: 44778 | C36: 60 | D36: 82 | E36: 47 | F36: 17 | G36: 79 | H36: 26 | I36: 82 | J36: PM2,5 | K36: SEDANG | L36: DKI4 | N36: =(C36 - MIN(C$2:C$99)) / (MAX(C$2:C$99) - MIN(C$2:C$99)) -> 0.56896552 | O36: =(D36-MIN(D$2:D$99))/(MAX(D$2:D$99)-MIN(D$2:D$99)) -> 0.37142857 | P36: =(E36-MIN(E$2:E$99))/(MAX(E$2:E$99)-MIN(E$2:E$99)) -> 0.16666667 | Q36: =(F36-MIN(F$2:F$99))/(MAX(F$2:F$99)-MIN(F$2:F$99)) -> 0.42105263 | R36: =(G36-MIN(G$2:G$99))/(MAX(G$2:G$99)-MIN(G$2:G$99)) -> 0.37804878 | S36: =(H36-MIN(H$2:H$99))/(MAX(H$2:H$99)-MIN(H$2:H$99)) -> 0.40625 | T36: =SUM(N36:S36) -> 2.3124122 | V36: 0.26 | W36: =1 - V36 -> 0.74 | X36: =V36^2 * N36 -> 0.038462069 | Y36: =W36^2 * N36 -> 0.31156552 | Z36: =(N36-$N$102)^2+(O36-$O$102)^2+(P36-$P$102)^2+(Q36-$Q$102)^2+(R36-$R$102)^2+(S36-$S$102)^2 -> 0.1539887 | AA36: =(N36-$N$103)^2+(O36-$O$103)^2+(P36-$P$103)^2+(Q36-$Q$103)^2+(R36-$R$103)^2+(S36-$S$103)^2 -> 0.10078857 | AB36: =(1/Z36) / ((1/Z36) + (1/AA36)) -> 0.39559483 | AC36: =1 - AB36 -> 0.60440517 | AE36: =IF(AB36 > AC36, 1, 2) -> 2 | AF36: =(VALUE(IF(OR(AND(AE36=2, K36="SEDANG"), AND(AE36=1, K36="TIDAK SEHAT")), 1, 0)))*1 -> 1
A37: 202208 | B37: 44777 | C37: 69 | D37: 99 | E37: 48 | F37: 15 | G37: 82 | H37: 20 | I37: 99 | J37: PM2,5 | K37: SEDANG | L37: DKI4 | N37: =(C37 - MIN(C$2:C$99)) / (MAX(C$2:C$99) - MIN(C$2:C$99)) -> 0.72413793 | O37: =(D37-MIN(D$2:D$99))/(MAX(D$2:D$99)-MIN(D$2:D$99)) -> 0.53333333 | P37: =(E37-MIN(E$2:E$99))/(MAX(E$2:E$99)-MIN(E$2:E$99)) -> 0.25 | Q37: =(F37-MIN(F$2:F$99))/(MAX(F$2:F$99)-MIN(F$2:F$99)) -> 0.31578947 | R37: =(G37-MIN(G$2:G$99))/(MAX(G$2:G$99)-MIN(G$2:G$99)) -> 0.39634146 | S37: =(H37-MIN(H$2:H$99))/(MAX(H$2:H$99)-MIN(H$2:H$99)) -> 0.21875 | T37: =SUM(N37:S37) -> 2.4383522 | V37: 0.37 | W37: =1 - V37 -> 0.63 | X37: =V37^2 * N37 -> 0.099134483 | Y37: =W37^2 * N37 -> 0.28741034 | Z37: =(N37-$N$102)^2 + (O37-$O$102)^2 + (P37-$P$102)^2 + (Q37-$Q$102)^2 + (R37-$R$102)^2 + (S37-$S$102)^2 -> 0.24684946 | AA37: =(N37-$N$103)^2+(O37-$O$103)^2+(P37-$P$103)^2+(Q37-$Q$103)^2+(R37-$R$103)^2+(S37-$S$103)^2 -> 0.11338823 | AB37: =(1/Z37) / ((1/Z37) + (1/AA37)) -> 0.31475948 | AC37: =1 - AB37 -> 0.68524052 | AE37: =IF(AB37 > AC37, 1, 2) -> 2 | AF37: =(VALUE(IF(OR(AND(AE37=2, K37="SEDANG"), AND(AE37=1, K37="TIDAK SEHAT")), 1, 0)))*1 -> 1
A38: 202208 | B38: 44776 | C38: 82 | D38: 141 | E38: 51 | F38: 19 | G38: 129 | H38: 24 | I38: 141 | J38: PM2,5 | K38: TIDAK SEHAT | L38: DKI4 | N38: =(C38 - MIN(C$2:C$99)) / (MAX(C$2:C$99) - MIN(C$2:C$99)) -> 0.94827586 | O38: =(D38-MIN(D$2:D$99))/(MAX(D$2:D$99)-MIN(D$2:D$99)) -> 0.93333333 | P38: =(E38-MIN(E$2:E$99))/(MAX(E$2:E$99)-MIN(E$2:E$99)) -> 0.5 | Q38: =(F38-MIN(F$2:F$99))/(MAX(F$2:F$99)-MIN(F$2:F$99)) -> 0.52631579 | R38: =(G38-MIN(G$2:G$99))/(MAX(G$2:G$99)-MIN(G$2:G$99)) -> 0.68292683 | S38: =(H38-MIN(H$2:H$99))/(MAX(H$2:H$99)-MIN(H$2:H$99)) -> 0.34375 | T38: =SUM(N38:S38) -> 3.9346018 | V38: 0.38 | W38: =1 - V38 -> 0.62 | X38: =V38^2 * N38 -> 0.13693103 | Y38: =W38^2 * N38 -> 0.36451724 | Z38: =(N38-$N$102)^2 + (O38-$O$102)^2 + (P38-$P$102)^2 + (Q38-$Q$102)^2 + (R38-$R$102)^2 + (S38-$S$102)^2 -> 0.65803385 | AA38: =(N38-$N$103)^2+(O38-$O$103)^2+(P38-$P$103)^2+(Q38-$Q$103)^2+(R38-$R$103)^2+(S38-$S$103)^2 -> 0.44963965 | AB38: =(1/Z38) / ((1/Z38) + (1/AA38)) -> 0.40593158 | AC38: =1 - AB38 -> 0.59406842 | AE38: =IF(AB38 > AC38, 1, 2) -> 2 | AF38: =(VALUE(IF(OR(AND(AE38=2, K38="SEDANG"), AND(AE38=1, K38="TIDAK SEHAT")), 1, 0)))*1 -> 0
A39: 202208 | B39: 44775 | C39: 67 | D39: 113 | E39: 50 | F39: 15 | G39: 84 | H39: 28 | I39: 113 | J39: PM2,5 | K39: TIDAK SEHAT | L39: DKI4 | N39: =(C39 - MIN(C$2:C$99)) / (MAX(C$2:C$99) - MIN(C$2:C$99)) -> 0.68965517 | O39: =(D39-MIN(D$2:D$99))/(MAX(D$2:D$99)-MIN(D$2:D$99)) -> 0.66666667 | P39: =(E39-MIN(E$2:E$99))/(MAX(E$2:E$99)-MIN(E$2:E$99)) -> 0.41666667 | Q39: =(F39-MIN(F$2:F$99))/(MAX(F$2:F$99)-MIN(F$2:F$99)) -> 0.31578947 | R39: =(G39-MIN(G$2:G$99))/(MAX(G$2:G$99)-MIN(G$2:G$99)) -> 0.40853659 | S39: =(H39-MIN(H$2:H$99))/(MAX(H$2:H$99)-MIN(H$2:H$99)) -> 0.46875 | T39: =SUM(N39:S39) -> 2.9660646 | V39: 0.39 | W39: =1 - V39 -> 0.61 | X39: =V39^2 * N39 -> 0.10489655 | Y39: =W39^2 * N39 -> 0.25662069 | Z39: =(N39-$N$102)^2 + (O39-$O$102)^2 + (P39-$P$102)^2 + (Q39-$Q$102)^2 + (R39-$R$102)^2 + (S39-$S$102)^2 -> 0.13633467 | AA39: =(N39-$N$103)^2+(O39-$O$103)^2+(P39-$P$103)^2+(Q39-$Q$103)^2+(R39-$R$103)^2+(S39-$S$103)^2 -> 0.055055873 | AB39: =(1/Z39) / ((1/Z39) + (1/AA39)) -> 0.28766245 | AC39: =1 - AB39 -> 0.71233755 | AE39: =IF(AB39 > AC39, 1, 2) -> 2 | AF39: =(VALUE(IF(OR(AND(AE39=2, K39="SEDANG"), AND(AE39=1, K39="TIDAK SEHAT")), 1, 0)))*1 -> 0
A40: 202209 | B40: 44805 | C40: 83 | D40: 130 | E40: 51 | F40: 15 | G40: 42 | H40: 25 | I40: 130 | J40: PM2,5 | K40: TIDAK SEHAT | L40: DKI4 | N40: =(C40 - MIN(C$2:C$99)) / (MAX(C$2:C$99) - MIN(C$2:C$99)) -> 0.96551724 | O40: =(D40-MIN(D$2:D$99))/(MAX(D$2:D$99)-MIN(D$2:D$99)) -> 0.82857143 | P40: =(E40-MIN(E$2:E$99))/(MAX(E$2:E$99)-MIN(E$2:E$99)) -> 0.5 | Q40: =(F40-MIN(F$2:F$99))/(MAX(F$2:F$99)-MIN(F$2:F$99)) -> 0.31578947 | R40: =(G40-MIN(G$2:G$99))/(MAX(G$2:G$99)-MIN(G$2:G$99)) -> 0.15243902 | S40: =(H40-MIN(H$2:H$99))/(MAX(H$2:H$99)-MIN(H$2:H$99)) -> 0.375 | T40: =SUM(N40:S40) -> 3.1373172 | V40: 0.4 | W40: =1 - V40 -> 0.6 | X40: =V40^2 * N40 -> 0.15448276 | Y40: =W40^2 * N40 -> 0.34758621 | Z40: =(N40-$N$102)^2 + (O40-$O$102)^2 + (P40-$P$102)^2 + (Q40-$Q$102)^2 + (R40-$R$102)^2 + (S40-$S$102)^2 -> 0.34353742 | AA40: =(N40-$N$103)^2+(O40-$O$103)^2+(P40-$P$103)^2+(Q40-$Q$103)^2+(R40-$R$103)^2+(S40-$S$103)^2 -> 0.25082219 | AB40: =(1/Z40) / ((1/Z40) + (1/AA40)) -> 0.4220041 | AC40: =1 - AB40 -> 0.5779959 | AE40: =IF(AB40 > AC40, 1, 2) -> 2 | AF40: =(VALUE(IF(OR(AND(AE40=2, K40="SEDANG"), AND(AE40=1, K40="TIDAK SEHAT")), 1, 0)))*1 -> 0
A41: 202209 | B41: 44834 | C41: 71 | D41: 103 | E41: 51 | F41: 14 | G41: 45 | H41: 23 | I41: 103 | J41: PM2,5 | K41: TIDAK SEHAT | L41: DKI4 | N41: =(C41 - MIN(C$2:C$99)) / (MAX(C$2:C$99) - MIN(C$2:C$99)) -> 0.75862069 | O41: =(D41-MIN(D$2:D$99))/(MAX(D$2:D$99)-MIN(D$2:D$99)) -> 0.57142857 | P41: =(E41-MIN(E$2:E$99))/(MAX(E$2:E$99)-MIN(E$2:E$99)) -> 0.5 | Q41: =(F41-MIN(F$2:F$99))/(MAX(F$2:F$99)-MIN(F$2:F$99)) -> 0.26315789 | R41: =(G41-MIN(G$2:G$99))/(MAX(G$2:G$99)-MIN(G$2:G$99)) -> 0.17073171 | S41: =(H41-MIN(H$2:H$99))/(MAX(H$2:H$99)-MIN(H$2:H$99)) -> 0.3125 | T41: =SUM(N41:S41) -> 2.5764389 | V41: 0.41 | W41: =1 - V41 -> 0.59 | X41: =V41^2 * N41 -> 0.12752414 | Y41: =W41^2 * N41 -> 0.26407586 | Z41: =(N41-$N$102)^2 + (O41-$O$102)^2 + (P41-$P$102)^2 + (Q41-$Q$102)^2 + (R41-$R$102)^2 + (S41-$S$102)^2 -> 0.14242539 | AA41: =(N41-$N$103)^2+(O41-$O$103)^2+(P41-$P$103)^2+(Q41-$Q$103)^2+(R41-$R$103)^2+(S41-$S$103)^2 -> 0.08371592 | AB41: =(1/Z41) / ((1/Z41) + (1/AA41)) -> 0.37019295 | AC41: =1 - AB41 -> 0.62980705 | AE41: =IF(AB41 > AC41, 1, 2) -> 2 | AF41: =(VALUE(IF(OR(AND(AE41=2, K41="SEDANG"), AND(AE41=1, K41="TIDAK SEHAT")), 1, 0)))*1 -> 0
A42: 202209 | B42: 44833 | C42: 62 | D42: 100 | E42: 51 | F42: 14 | G42: 50 | H42: 21 | I42: 100 | J42: PM2,5 | K42: SEDANG | L42: DKI4 | N42: =(C42 - MIN(C$2:C$99)) / (MAX(C$2:C$99) - MIN(C$2:C$99)) -> 0.60344828 | O42: =(D42-MIN(D$2:D$99))/(MAX(D$2:D$99)-MIN(D$2:D$99)) -> 0.54285714 | P42: =(E42-MIN(E$2:E$99))/(MAX(E$2:E$99)-MIN(E$2:E$99)) -> 0.5 | Q42: =(F42-MIN(F$2:F$99))/(MAX(F$2:F$99)-MIN(F$2:F$99)) -> 0.26315789 | R42: =(G42-MIN(G$2:G$99))/(MAX(G$2:G$99)-MIN(G$2:G$99)) -> 0.20121951 | S42: =(H42-MIN(H$2:H$99))/(MAX(H$2:H$99)-MIN(H$2:H$99)) -> 0.25 | T42: =SUM(N42:S42) -> 2.3606828 | V42: 0.42 | W42: =1 - V42 -> 0.58 | X42: =V42^2 * N42 -> 0.10644828 | Y42: =W42^2 * N42 -> 0.203 | Z42: =(N42-$N$102)^2 + (O42-$O$102)^2 + (P42-$P$102)^2 + (Q42-$Q$102)^2 + (R42-$R$102)^2 + (S42-$S$102)^2 -> 0.13837388 | AA42: =(N42-$N$103)^2+(O42-$O$103)^2+(P42-$P$103)^2+(Q42-$Q$103)^2+(R42-$R$103)^2+(S42-$S$103)^2 -> 0.082565454 | AB42: =(1/Z42) / ((1/Z42) + (1/AA42)) -> 0.37370192 | AC42: =1 - AB42 -> 0.62629808 | AE42: =IF(AB42 > AC42, 1, 2) -> 2 | AF42: =(VALUE(IF(OR(AND(AE42=2, K42="SEDANG"), AND(AE42=1, K42="TIDAK SEHAT")), 1, 0)))*1 -> 1
A43: 202209 | B43: 44832 | C43: 62 | D43: 92 | E43: 51 | F43: 13 | G43: 55 | H43: 24 | I43: 92 | J43: PM2,5 | K43: SEDANG | L43: DKI4 | N43: =(C43 - MIN(C$2:C$99)) / (MAX(C$2:C$99) - MIN(C$2:C$99)) -> 0.60344828 | O43: =(D43-MIN(D$2:D$99))/(MAX(D$2:D$99)-MIN(D$2:D$99)) -> 0.46666667 | P43: =(E43-MIN(E$2:E$99))/(MAX(E$2:E$99)-MIN(E$2:E$99)) -> 0.5 | Q43: =(F43-MIN(F$2:F$99))/(MAX(F$2:F$99)-MIN(F$2:F$99)) -> 0.21052632 | R43: =(G43-MIN(G$2:G$99))/(MAX(G$2:G$99)-MIN(G$2:G$99)) -> 0.23170732 | S43: =(H43-MIN(H$2:H$99))/(MAX(H$2:H$99)-MIN(H$2:H$99)) -> 0.34375 | T43: =SUM(N43:S43) -> 2.3560986 | V43: 0.43 | W43: =1 - V43 -> 0.57 | X43: =V43^2 * N43 -> 0.11157759 | Y43: =W43^2 * N43 -> 0.19606034 | Z43: =(N43-$N$102)^2 + (O43-$O$102)^2 + (P43-$P$102)^2 + (Q43-$Q$102)^2 + (R43-$R$102)^2 + (S43-$S$102)^2 -> 0.10876666 | AA43: =(N43-$N$103)^2+(O43-$O$103)^2+(P43-$P$103)^2+(Q43-$Q$103)^2+(R43-$R$103)^2+(S43-$S$103)^2 -> 0.071506062 | AB43: =(1/Z43) / ((1/Z43) + (1/AA43)) -> 0.39665492 | AC43: =1 - AB43 -> 0.60334508 | AE43: =IF(AB43 > AC43, 1, 2) -> 2 | AF43: =(VALUE(IF(OR(AND(AE43=2, K43="SEDANG"), AND(AE43=1, K43="TIDAK SEHAT")), 1, 0)))*1 -> 1
A44: 202209 | B44: 44831 | C44: 63 | D44: 86 | E44: 51 | F44: 14 | G44: 58 | H44: 26 | I44: 86 | J44: PM2,5 | K44: SEDANG | L44: DKI4 | N44: =(C44 - MIN(C$2:C$99)) / (MAX(C$2:C$99) - MIN(C$2:C$99)) -> 0.62068966 | O44: =(D44-MIN(D$2:D$99))/(MAX(D$2:D$99)-MIN(D$2:D$99)) -> 0.40952381 | P44: =(E44-MIN(E$2:E$99))/(MAX(E$2:E$99)-MIN(E$2:E$99)) -> 0.5 | Q44: =(F44-MIN(F$2:F$99))/(MAX(F$2:F$99)-MIN(F$2:F$99)) -> 0.26315789 | R44: =(G44-MIN(G$2:G$99))/(MAX(G$2:G$99)-MIN(G$2:G$99)) -> 0.25 | S44: =(H44-MIN(H$2:H$99))/(MAX(H$2:H$99)-MIN(H$2:H$99)) -> 0.40625 | T44: =SUM(N44:S44) -> 2.4496214 | V44: 0.44 | W44: =1 - V44 -> 0.56 | X44: =V44^2 * N44 -> 0.12016552 | Y44: =W44^2 * N44 -> 0.19464828 | Z44: =(N44-$N$102)^2 + (O44-$O$102)^2 + (P44-$P$102)^2 + (Q44-$Q$102)^2 + (R44-$R$102)^2 + (S44-$S$102)^2 -> 0.068107329 | AA44: =(N44-$N$103)^2+(O44-$O$103)^2+(P44-$P$103)^2+(Q44-$Q$103)^2+(R44-$R$103)^2+(S44-$S$103)^2 -> 0.047348133 | AB44: =(1/Z44) / ((1/Z44) + (1/AA44)) -> 0.41009868 | AC44: =1 - AB44 -> 0.58990132 | AE44: =IF(AB44 > AC44, 1, 2) -> 2 | AF44: =(VALUE(IF(OR(AND(AE44=2, K44="SEDANG"), AND(AE44=1, K44="TIDAK SEHAT")), 1, 0)))*1 -> 1
A45: 202209 | B45: 44830 | C45: 57 | D45: 79 | E45: 51 | F45: 14 | G45: 56 | H45: 26 | I45: 79 | J45: PM2,5 | K45: SEDANG | L45: DKI5 | N45: =(C45 - MIN(C$2:C$99)) / (MAX(C$2:C$99) - MIN(C$2:C$99)) -> 0.51724138 | O45: =(D45-MIN(D$2:D$99))/(MAX(D$2:D$99)-MIN(D$2:D$99)) -> 0.34285714 | P45: =(E45-MIN(E$2:E$99))/(MAX(E$2:E$99)-MIN(E$2:E$99)) -> 0.5 | Q45: =(F45-MIN(F$2:F$99))/(MAX(F$2:F$99)-MIN(F$2:F$99)) -> 0.26315789 | R45: =(G45-MIN(G$2:G$99))/(MAX(G$2:G$99)-MIN(G$2:G$99)) -> 0.23780488 | S45: =(H45-MIN(H$2:H$99))/(MAX(H$2:H$99)-MIN(H$2:H$99)) -> 0.40625 | T45: =SUM(N45:S45) -> 2.2673113 | V45: 0.45 | W45: =1 - V45 -> 0.55 | X45: =V45^2 * N45 -> 0.10474138 | Y45: =W45^2 * N45 -> 0.15646552 | Z45: =(N45-$N$102)^2 + (O45-$O$102)^2 + (P45-$P$102)^2 + (Q45-$Q$102)^2 + (R45-$R$102)^2 + (S45-$S$102)^2 -> 0.079284706 | AA45: =(N45-$N$103)^2+(O45-$O$103)^2+(P45-$P$103)^2+(Q45-$Q$103)^2+(R45-$R$103)^2+(S45-$S$103)^2 -> 0.081327584 | AB45: =(1/Z45) / ((1/Z45) + (1/AA45)) -> 0.50635966 | AC45: =1 - AB45 -> 0.49364034 | AE45: =IF(AB45 > AC45, 1, 2) -> 1 | AF45: =(VALUE(IF(OR(AND(AE45=2, K45="SEDANG"), AND(AE45=1, K45="TIDAK SEHAT")), 1, 0)))*1 -> 0
A46: 202209 | B46: 44829 | C46: 58 | D46: 94 | E46: 50 | F46: 14 | G46: 48 | H46: 25 | I46: 94 | J46: PM2,5 | K46: SEDANG | L46: DKI4 | N46: =(C46 - MIN(C$2:C$99)) / (MAX(C$2:C$99) - MIN(C$2:C$99)) -> 0.53448276 | O46: =(D46-MIN(D$2:D$99))/(MAX(D$2:D$99)-MIN(D$2:D$99)) -> 0.48571429 | P46: =(E46-MIN(E$2:E$99))/(MAX(E$2:E$99)-MIN(E$2:E$99)) -> 0.41666667 | Q46: =(F46-MIN(F$2:F$99))/(MAX(F$2:F$99)-MIN(F$2:F$99)) -> 0.26315789 | R46: =(G46-MIN(G$2:G$99))/(MAX(G$2:G$99)-MIN(G$2:G$99)) -> 0.18902439 | S46: =(H46-MIN(H$2:H$99))/(MAX(H$2:H$99)-MIN(H$2:H$99)) -> 0.375 | T46: =SUM(N46:S46) -> 2.264046 | V46: 0.46 | W46: =1 - V46 -> 0.54 | X46: =V46^2 * N46 -> 0.11309655 | Y46: =W46^2 * N46 -> 0.15585517 | Z46: =(N46-$N$102)^2 + (O46-$O$102)^2 + (P46-$P$102)^2 + (Q46-$Q$102)^2 + (R46-$R$102)^2 + (S46-$S$102)^2 -> 0.075115109 | AA46: =(N46-$N$103)^2+(O46-$O$103)^2+(P46-$P$103)^2+(Q46-$Q$103)^2+(R46-$R$103)^2+(S46-$S$103)^2 -> 0.056693315 | AB46: =(1/Z46) / ((1/Z46) + (1/AA46)) -> 0.43011906 | AC46: =1 - AB46 -> 0.56988094 | AE46: =IF(AB46 > AC46, 1, 2) -> 2 | AF46: =(VALUE(IF(OR(AND(AE46=2, K46="SEDANG"), AND(AE46=1, K46="TIDAK SEHAT")), 1, 0)))*1 -> 1
A47: 202209 | B47: 44828 | C47: 57 | D47: 83 | E47: 50 | F47: 17 | G47: 39 | H47: 33 | I47: 83 | J47: PM2,5 | K47: SEDANG | L47: DKI4 | N47: =(C47 - MIN(C$2:C$99)) / (MAX(C$2:C$99) - MIN(C$2:C$99)) -> 0.51724138 | O47: =(D47-MIN(D$2:D$99))/(MAX(D$2:D$99)-MIN(D$2:D$99)) -> 0.38095238 | P47: =(E47-MIN(E$2:E$99))/(MAX(E$2:E$99)-MIN(E$2:E$99)) -> 0.41666667 | Q47: =(F47-MIN(F$2:F$99))/(MAX(F$2:F$99)-MIN(F$2:F$99)) -> 0.42105263 | R47: =(G47-MIN(G$2:G$99))/(MAX(G$2:G$99)-MIN(G$2:G$99)) -> 0.13414634 | S47: =(H47-MIN(H$2:H$99))/(MAX(H$2:H$99)-MIN(H$2:H$99)) -> 0.625 | T47: =SUM(N47:S47) -> 2.4950594 | V47: 0.47 | W47: =1 - V47 -> 0.53 | X47: =V47^2 * N47 -> 0.11425862 | Y47: =W47^2 * N47 -> 0.1452931 | Z47: =(N47-$N$102)^2 + (O47-$O$102)^2 + (P47-$P$102)^2 + (Q47-$Q$102)^2 + (R47-$R$102)^2 + (S47-$S$102)^2 -> 0.022097306 | AA47: =(N47-$N$103)^2+(O47-$O$103)^2+(P47-$P$103)^2+(Q47-$Q$103)^2+(R47-$R$103)^2+(S47-$S$103)^2 -> 0.090740568 | AB47: =(1/Z47) / ((1/Z47) + (1/AA47)) -> 0.80416765 | AC47: =1 - AB47 -> 0.19583235 | AE47: =IF(AB47 > AC47, 1, 2) -> 1 | AF47: =(VALUE(IF(OR(AND(AE47=2, K47="SEDANG"), AND(AE47=1, K47="TIDAK SEHAT")), 1, 0)))*1 -> 0
A48: 202209 | B48: 44827 | C48: 73 | D48: 97 | E48: 50 | F48: 24 | G48: 50 | H48: 45 | I48: 97 | J48: PM2,5 | K48: SEDANG | L48: DKI2 | N48: =(C48 - MIN(C$2:C$99)) / (MAX(C$2:C$99) - MIN(C$2:C$99)) -> 0.79310345 | O48: =(D48-MIN(D$2:D$99))/(MAX(D$2:D$99)-MIN(D$2:D$99)) -> 0.51428571 | P48: =(E48-MIN(E$2:E$99))/(MAX(E$2:E$99)-MIN(E$2:E$99)) -> 0.41666667 | Q48: =(F48-MIN(F$2:F$99))/(MAX(F$2:F$99)-MIN(F$2:F$99)) -> 0.78947368 | R48: =(G48-MIN(G$2:G$99))/(MAX(G$2:G$99)-MIN(G$2:G$99)) -> 0.20121951 | S48: =(H48-MIN(H$2:H$99))/(MAX(H$2:H$99)-MIN(H$2:H$99)) -> 1 | T48: =SUM(N48:S48) -> 3.714749 | V48: 0.48 | W48: =1 - V48 -> 0.52 | X48: =V48^2 * N48 -> 0.18273103 | Y48: =W48^2 * N48 -> 0.21445517 | Z48: =(N48-$N$102)^2 + (O48-$O$102)^2 + (P48-$P$102)^2 + (Q48-$Q$102)^2 + (R48-$R$102)^2 + (S48-$S$102)^2 -> 0.3631858 | AA48: =(N48-$N$103)^2+(O48-$O$103)^2+(P48-$P$103)^2+(Q48-$Q$103)^2+(R48-$R$103)^2+(S48-$S$103)^2 -> 0.4690224 | AB48: =(1/Z48) / ((1/Z48) + (1/AA48)) -> 0.56358781 | AC48: =1 - AB48 -> 0.43641219 | AE48: =IF(AB48 > AC48, 1, 2) -> 1 | AF48: =(VALUE(IF(OR(AND(AE48=2, K48="SEDANG"), AND(AE48=1, K48="TIDAK SEHAT")), 1, 0)))*1 -> 0
... A52: 202209 | B52: 44823 | C52: 70 | D52: 113 | E52: 51 | F52: 17 | G52: 46 | H52: 28 | I52: 113 | J52: PM2,5 | K52: TIDAK SEHAT | L52: DKI4 | N52: =(C52 - MIN(C$2:C$99)) / (MAX(C$2:C$99) - MIN(C$2:C$99)) -> 0.74137931 | O52: =(D52-MIN(D$2:D$99))/(MAX(D$2:D$99)-MIN(D$2:D$99)) -> 0.66666667 | P52: =(E52-MIN(E$2:E$99))/(MAX(E$2:E$99)-MIN(E$2:E$99)) -> 0.5 | Q52: =(F52-MIN(F$2:F$99))/(MAX(F$2:F$99)-MIN(F$2:F$99)) -> 0.42105263 | R52: =(G52-MIN(G$2:G$99))/(MAX(G$2:G$99)-MIN(G$2:G$99)) -> 0.17682927 | S52: =(H52-MIN(H$2:H$99))/(MAX(H$2:H$99)-MIN(H$2:H$99)) -> 0.46875 | T52: =SUM(N52:S52) -> 2.9746779 | V52: 0.52 | W52: =1 - V52 -> 0.48 | X52: =V52^2 * N52 -> 0.20046897 | Y52: =W52^2 * N52 -> 0.17081379 | Z52: =(N52-$N$102)^2 + (O52-$O$102)^2 + (P52-$P$102)^2 + (Q52-$Q$102)^2 + (R52-$R$102)^2 + (S52-$S$102)^2 -> 0.081030181 | AA52: =(N52-$N$103)^2+(O52-$O$103)^2+(P52-$P$103)^2+(Q52-$Q$103)^2+(R52-$R$103)^2+(S52-$S$103)^2 -> 0.054780205 | AB52: =(1/Z52) / ((1/Z52) + (1/AA52)) -> 0.40335799 | AC52: =1 - AB52 -> 0.59664201 | AE52: =IF(AB52 > AC52, 1, 2) -> 2 | AF52: =(VALUE(IF(OR(AND(AE52=2, K52="SEDANG"), AND(AE52=1, K52="TIDAK SEHAT")), 1, 0)))*1 -> 0
A53: 202209 | B53: 44822 | C53: 72 | D53: 113 | E53: 51 | F53: 21 | G53: 43 | H53: 33 | I53: 113 | J53: PM2,5 | K53: TIDAK SEHAT | L53: DKI4 | N53: =(C53 - MIN(C$2:C$99)) / (MAX(C$2:C$99) - MIN(C$2:C$99)) -> 0.77586207 | O53: =(D53-MIN(D$2:D$99))/(MAX(D$2:D$99)-MIN(D$2:D$99)) -> 0.66666667 | P53: =(E53-MIN(E$2:E$99))/(MAX(E$2:E$99)-MIN(E$2:E$99)) -> 0.5 | Q53: =(F53-MIN(F$2:F$99))/(MAX(F$2:F$99)-MIN(F$2:F$99)) -> 0.63157895 | R53: =(G53-MIN(G$2:G$99))/(MAX(G$2:G$99)-MIN(G$2:G$99)) -> 0.15853659 | S53: =(H53-MIN(H$2:H$99))/(MAX(H$2:H$99)-MIN(H$2:H$99)) -> 0.625 | T53: =SUM(N53:S53) -> 3.3576443 | V53: 0.53 | W53: =1 - V53 -> 0.47 | X53: =V53^2 * N53 -> 0.21793966 | Y53: =W53^2 * N53 -> 0.17138793 | Z53: =(N53-$N$102)^2+(O53-$O$102)^2+(P53-$P$102)^2+(Q53-$Q$102)^2+(R53-$R$102)^2+(S53-$S$102)^2 -> 0.12078372 | AA53: =(N53-$N$103)^2+(O53-$O$103)^2+(P53-$P$103)^2+(Q53-$Q$103)^2+(R53-$R$103)^2+(S53-$S$103)^2 -> 0.13929037 | AB53: =(1/Z53) / ((1/Z53) + (1/AA53)) -> 0.53557958 | AC53: =1 - AB53 -> 0.46442042 | AE53: =IF(AB53 > AC53, 1, 2) -> 1 | AF53: =(VALUE(IF(OR(AND(AE53=2, K53="SEDANG"), AND(AE53=1, K53="TIDAK SEHAT")), 1, 0)))*1 -> 1
A54: 202209 | B54: 44821 | C54: 70 | D54: 103 | E54: 51 | F54: 19 | G54: 49 | H54: 35 | I54: 103 | J54: PM2,5 | K54: TIDAK SEHAT | L54: DKI4 | N54: =(C54 - MIN(C$2:C$99)) / (MAX(C$2:C$99) - MIN(C$2:C$99)) -> 0.74137931 | O54: =(D54-MIN(D$2:D$99))/(MAX(D$2:D$99)-MIN(D$2:D$99)) -> 0.57142857 | P54: =(E54-MIN(E$2:E$99))/(MAX(E$2:E$99)-MIN(E$2:E$99)) -> 0.5 | Q54: =(F54-MIN(F$2:F$99))/(MAX(F$2:F$99)-MIN(F$2:F$99)) -> 0.52631579 | R54: =(G54-MIN(G$2:G$99))/(MAX(G$2:G$99)-MIN(G$2:G$99)) -> 0.19512195 | S54: =(H54-MIN(H$2:H$99))/(MAX(H$2:H$99)-MIN(H$2:H$99)) -> 0.6875 | T54: =SUM(N54:S54) -> 3.2217456 | V54: 0.54 | W54: =1 - V54 -> 0.46 | X54: =V54^2 * N54 -> 0.21618621 | Y54: =W54^2 * N54 -> 0.15687586 | Z54: =(N54-$N$102)^2 + (O54-$O$102)^2 + (P54-$P$102)^2 + (Q54-$Q$102)^2 + (R54-$R$102)^2 + (S54-$S$102)^2 -> 0.064868185 | AA54: =(N54-$N$103)^2+(O54-$O$103)^2+(P54-$P$103)^2+(Q54-$Q$103)^2+(R54-$R$103)^2+(S54-$S$103)^2 -> 0.09737077 | AB54: =(1/Z54) / ((1/Z54) + (1/AA54)) -> 0.60016887 | AC54: =1 - AB54 -> 0.39983113 | AE54: =IF(AB54 > AC54, 1, 2) -> 1 | AF54: =(VALUE(IF(OR(AND(AE54=2, K54="SEDANG"), AND(AE54=1, K54="TIDAK SEHAT")), 1, 0)))*1 -> 1
A55: 202209 | B55: 44820 | C55: 62 | D55: 100 | E55: 51 | F55: 18 | G55: 52 | H55: 33 | I55: 100 | J55: PM2,5 | K55: SEDANG | L55: DKI4 | N55: =(C55 - MIN(C$2:C$99)) / (MAX(C$2:C$99) - MIN(C$2:C$99)) -> 0.60344828 | O55: =(D55-MIN(D$2:D$99))/(MAX(D$2:D$99)-MIN(D$2:D$99)) -> 0.54285714 | P55: =(E55-MIN(E$2:E$99))/(MAX(E$2:E$99)-MIN(E$2:E$99)) -> 0.5 | Q55: =(F55-MIN(F$2:F$99))/(MAX(F$2:F$99)-MIN(F$2:F$99)) -> 0.47368421 | R55: =(G55-MIN(G$2:G$99))/(MAX(G$2:G$99)-MIN(G$2:G$99)) -> 0.21341463 | S55: =(H55-MIN(H$2:H$99))/(MAX(H$2:H$99)-MIN(H$2:H$99)) -> 0.625 | T55: =SUM(N55:S55) -> 2.9584043 | V55: 0.55 | W55: =1 - V55 -> 0.45 | X55: =V55^2 * N55 -> 0.1825431 | Y55: =W55^2 * N55 -> 0.12219828 | Z55: =(N55-$N$102)^2 + (O55-$O$102)^2 + (P55-$P$102)^2 + (Q55-$Q$102)^2 + (R55-$R$102)^2 + (S55-$S$102)^2 -> 0.016533562 | AA55: =(N55-$N$103)^2+(O55-$O$103)^2+(P55-$P$103)^2+(Q55-$Q$103)^2+(R55-$R$103)^2+(S55-$S$103)^2 -> 0.049274683 | AB55: =(1/Z55) / ((1/Z55) + (1/AA55)) -> 0.74876154 | AC55: =1 - AB55 -> 0.25123846 | AE55: =IF(AB55 > AC55, 1, 2) -> 1 | AF55: =(VALUE(IF(OR(AND(AE55=2, K55="SEDANG"), AND(AE55=1, K55="TIDAK SEHAT")), 1, 0)))*1 -> 0
A56: 202209 | B56: 44819 | C56: 78 | D56: 117 | E56: 51 | F56: 26 | G56: 34 | H56: 39 | I56: 117 | J56: PM2,5 | K56: TIDAK SEHAT | L56: DKI4 | N56: =(C56 - MIN(C$2:C$99)) / (MAX(C$2:C$99) - MIN(C$2:C$99)) -> 0.87931034 | O56: =(D56-MIN(D$2:D$99))/(MAX(D$2:D$99)-MIN(D$2:D$99)) -> 0.7047619 | P56: =(E56-MIN(E$2:E$99))/(MAX(E$2:E$99)-MIN(E$2:E$99)) -> 0.5 | Q56: =(F56-MIN(F$2:F$99))/(MAX(F$2:F$99)-MIN(F$2:F$99)) -> 0.89473684 | R56: =(G56-MIN(G$2:G$99))/(MAX(G$2:G$99)-MIN(G$2:G$99)) -> 0.10365854 | S56: =(H56-MIN(H$2:H$99))/(MAX(H$2:H$99)-MIN(H$2:H$99)) -> 0.8125 | T56: =SUM(N56:S56) -> 3.8949676 | V56: 0.56 | W56: =1 - V56 -> 0.44 | X56: =V56^2 * N56 -> 0.27575172 | Y56: =W56^2 * N56 -> 0.17023448 | Z56: =(N56-$N$102)^2 + (O56-$O$102)^2 + (P56-$P$102)^2 + (Q56-$Q$102)^2 + (R56-$R$102)^2 + (S56-$S$102)^2 -> 0.41849641 | AA56: =(N56-$N$103)^2+(O56-$O$103)^2+(P56-$P$103)^2+(Q56-$Q$103)^2+(R56-$R$103)^2+(S56-$S$103)^2 -> 0.48636164 | AB56: =(1/Z56) / ((1/Z56) + (1/AA56)) -> 0.53750048 | AC56: =1 - AB56 -> 0.46249952 | AE56: =IF(AB56 > AC56, 1, 2) -> 1 | AF56: =(VALUE(IF(OR(AND(AE56=2, K56="SEDANG"), AND(AE56=1, K56="TIDAK SEHAT")), 1, 0)))*1 -> 1
A57: 202209 | B57: 44818 | C57: 67 | D57: 113 | E57: 53 | F57: 18 | G57: 42 | H57: 38 | I57: 113 | J57: PM2,5 | K57: TIDAK SEHAT | L57: DKI4 | N57: =(C57 - MIN(C$2:C$99)) / (MAX(C$2:C$99) - MIN(C$2:C$99)) -> 0.68965517 | O57: =(D57-MIN(D$2:D$99))/(MAX(D$2:D$99)-MIN(D$2:D$99)) -> 0.66666667 | P57: =(E57-MIN(E$2:E$99))/(MAX(E$2:E$99)-MIN(E$2:E$99)) -> 0.66666667 | Q57: =(F57-MIN(F$2:F$99))/(MAX(F$2:F$99)-MIN(F$2:F$99)) -> 0.47368421 | R57: =(G57-MIN(G$2:G$99))/(MAX(G$2:G$99)-MIN(G$2:G$99)) -> 0.15243902 | S57: =(H57-MIN(H$2:H$99))/(MAX(H$2:H$99)-MIN(H$2:H$99)) -> 0.78125 | T57: =SUM(N57:S57) -> 3.4303617 | V57: 0.57 | W57: =1 - V57 -> 0.43 | X57: =V57^2 * N57 -> 0.22406897 | Y57: =W57^2 * N57 -> 0.12751724 | Z57: =(N57-$N$102)^2 + (O57-$O$102)^2 + (P57-$P$102)^2 + (Q57-$Q$102)^2 + (R57-$R$102)^2 + (S57-$S$102)^2 -> 0.15393222 | AA57: =(N57-$N$103)^2+(O57-$O$103)^2+(P57-$P$103)^2+(Q57-$Q$103)^2+(R57-$R$103)^2+(S57-$S$103)^2 -> 0.22064878 | AB57: =(1/Z57) / ((1/Z57) + (1/AA57)) -> 0.58905491 | AC57: =1 - AB57 -> 0.41094509 | AE57: =IF(AB57 > AC57, 1, 2) -> 1 | AF57: =(VALUE(IF(OR(AND(AE57=2, K57="SEDANG"), AND(AE57=1, K57="TIDAK SEHAT")), 1, 0)))*1 -> 1
A58: 202209 | B58: 44817 | C58: 59 | D58: 81 | E58: 52 | F58: 18 | G58: 45 | H58: 32 | I58: 81 | J58: PM2,5 | K58: SEDANG | L58: DKI1 | N58: =(C58 - MIN(C$2:C$99)) / (MAX(C$2:C$99) - MIN(C$2:C$99)) -> 0.55172414 | O58: =(D58-MIN(D$2:D$99))/(MAX(D$2:D$99)-MIN(D$2:D$99)) -> 0.36190476 | P58: =(E58-MIN(E$2:E$99))/(MAX(E$2:E$99)-MIN(E$2:E$99)) -> 0.58333333 | Q58: =(F58-MIN(F$2:F$99))/(MAX(F$2:F$99)-MIN(F$2:F$99)) -> 0.47368421 | R58: =(G58-MIN(G$2:G$99))/(MAX(G$2:G$99)-MIN(G$2:G$99)) -> 0.17073171 | S58: =(H58-MIN(H$2:H$99))/(MAX(H$2:H$99)-MIN(H$2:H$99)) -> 0.59375 | T58: =SUM(N58:S58) -> 2.7351282 | V58: 0.58 | W58: =1 - V58 -> 0.42 | X58: =V58^2 * N58 -> 0.1856 | Y58: =W58^2 * N58 -> 0.097324138 | Z58: =(N58-$N$102)^2 + (O58-$O$102)^2 + (P58-$P$102)^2 + (Q58-$Q$102)^2 + (R58-$R$102)^2 + (S58-$S$102)^2 -> 0.025376447 | AA58: =(N58-$N$103)^2+(O58-$O$103)^2+(P58-$P$103)^2+(Q58-$Q$103)^2+(R58-$R$103)^2+(S58-$S$103)^2 -> 0.093272711 | AB58: =(1/Z58) / ((1/Z58) + (1/AA58)) -> 0.78612198 | AC58: =1 - AB58 -> 0.21387802 | AE58: =IF(AB58 > AC58, 1, 2) -> 1 | AF58: =(VALUE(IF(OR(AND(AE58=2, K58="SEDANG"), AND(AE58=1, K58="TIDAK SEHAT")), 1, 0)))*1 -> 0
A59: 202209 | B59: 44816 | C59: 53 | D59: 79 | E59: 52 | F59: 18 | G59: 35 | H59: 27 | I59: 79 | J59: PM2,5 | K59: SEDANG | L59: DKI4 | N59: =(C59 - MIN(C$2:C$99)) / (MAX(C$2:C$99) - MIN(C$2:C$99)) -> 0.44827586 | O59: =(D59-MIN(D$2:D$99))/(MAX(D$2:D$99)-MIN(D$2:D$99)) -> 0.34285714 | P59: =(E59-MIN(E$2:E$99))/(MAX(E$2:E$99)-MIN(E$2:E$99)) -> 0.58333333 | Q59: =(F59-MIN(F$2:F$99))/(MAX(F$2:F$99)-MIN(F$2:F$99)) -> 0.47368421 | R59: =(G59-MIN(G$2:G$99))/(MAX(G$2:G$99)-MIN(G$2:G$99)) -> 0.1097561 | S59: =(H59-MIN(H$2:H$99))/(MAX(H$2:H$99)-MIN(H$2:H$99)) -> 0.4375 | T59: =SUM(N59:S59) -> 2.3954066 | V59: 0.59 | W59: =1 - V59 -> 0.41 | X59: =V59^2 * N59 -> 0.15604483 | Y59: =W59^2 * N59 -> 0.075355172 | Z59: =(N59-$N$102)^2 + (O59-$O$102)^2 + (P59-$P$102)^2 + (Q59-$Q$102)^2 + (R59-$R$102)^2 + (S59-$S$102)^2 -> 0.061790487 | AA59: =(N59-$N$103)^2+(O59-$O$103)^2+(P59-$P$103)^2+(Q59-$Q$103)^2+(R59-$R$103)^2+(S59-$S$103)^2 -> 0.12473515 | AB59: =(1/Z59) / ((1/Z59) + (1/AA59)) -> 0.66872926 | AC59: =1 - AB59 -> 0.33127074 | AE59: =IF(AB59 > AC59, 1, 2) -> 1 | AF59: =(VALUE(IF(OR(AND(AE59=2, K59="SEDANG"), AND(AE59=1, K59="TIDAK SEHAT")), 1, 0)))*1 -> 0
A60: 202209 | B60: 44815 | C60: 64 | D60: 88 | E60: 51 | F60: 20 | G60: 37 | H60: 34 | I60: 88 | J60: PM2,5 | K60: SEDANG | L60: DKI4 | N60: =(C60 - MIN(C$2:C$99)) / (MAX(C$2:C$99) - MIN(C$2:C$99)) -> 0.63793103 | O60: =(D60-MIN(D$2:D$99))/(MAX(D$2:D$99)-MIN(D$2:D$99)) -> 0.42857143 | P60: =(E60-MIN(E$2:E$99))/(MAX(E$2:E$99)-MIN(E$2:E$99)) -> 0.5 | Q60: =(F60-MIN(F$2:F$99))/(MAX(F$2:F$99)-MIN(F$2:F$99)) -> 0.57894737 | R60: =(G60-MIN(G$2:G$99))/(MAX(G$2:G$99)-MIN(G$2:G$99)) -> 0.12195122 | S60: =(H60-MIN(H$2:H$99))/(MAX(H$2:H$99)-MIN(H$2:H$99)) -> 0.65625 | T60: =SUM(N60:S60) -> 2.9236511 | V60: 0.6 | W60: =1 - V60 -> 0.4 | X60: =V60^2 * N60 -> 0.22965517 | Y60: =W60^2 * N60 -> 0.10206897 | Z60: =(N60-$N$102)^2 + (O60-$O$102)^2 + (P60-$P$102)^2 + (Q60-$Q$102)^2 + (R60-$R$102)^2 + (S60-$S$102)^2 -> 0.034861292 | AA60: =(N60-$N$103)^2+(O60-$O$103)^2+(P60-$P$103)^2+(Q60-$Q$103)^2+(R60-$R$103)^2+(S60-$S$103)^2 -> 0.10797279 | AB60: =(1/Z60) / ((1/Z60) + (1/AA60)) -> 0.75593155 | AC60: =1 - AB60 -> 0.24406845 | AE60: =IF(AB60 > AC60, 1, 2) -> 1 | AF60: =(VALUE(IF(OR(AND(AE60=2, K60="SEDANG"), AND(AE60=1, K60="TIDAK SEHAT")), 1, 0)))*1 -> 0
A61: 202209 | B61: 44814 | C61: 56 | D61: 72 | E61: 48 | F61: 22 | G61: 41 | H61: 39 | I61: 72 | J61: PM2,5 | K61: SEDANG | L61: DKI4 | N61: =(C61 - MIN(C$2:C$99)) / (MAX(C$2:C$99) - MIN(C$2:C$99)) -> 0.5 | O61: =(D61-MIN(D$2:D$99))/(MAX(D$2:D$99)-MIN(D$2:D$99)) -> 0.27619048 | P61: =(E61-MIN(E$2:E$99))/(MAX(E$2:E$99)-MIN(E$2:E$99)) -> 0.25 | Q61: =(F61-MIN(F$2:F$99))/(MAX(F$2:F$99)-MIN(F$2:F$99)) -> 0.68421053 | R61: =(G61-MIN(G$2:G$99))/(MAX(G$2:G$99)-MIN(G$2:G$99)) -> 0.14634146 | S61: =(H61-MIN(H$2:H$99))/(MAX(H$2:H$99)-MIN(H$2:H$99)) -> 0.8125 | T61: =SUM(N61:S61) -> 2.6692425 | V61: 0.61 | W61: =1 - V61 -> 0.39 | X61: =V61^2 * N61 -> 0.18605 | Y61: =W61^2 * N61 -> 0.07605 | Z61: =(N61-$N$102)^2 + (O61-$O$102)^2 + (P61-$P$102)^2 + (Q61-$Q$102)^2 + (R61-$R$102)^2 + (S61-$S$102)^2 -> 0.20526284 | AA61: =(N61-$N$103)^2+(O61-$O$103)^2+(P61-$P$103)^2+(Q61-$Q$103)^2+(R61-$R$103)^2+(S61-$S$103)^2 -> 0.32720804 | AB61: =(1/Z61) / ((1/Z61) + (1/AA61)) -> 0.6145088 | AC61: =1 - AB61 -> 0.3854912 | AE61: =IF(AB61 > AC61, 1, 2) -> 1 | AF61: =(VALUE(IF(OR(AND(AE61=2, K61="SEDANG"), AND(AE61=1, K61="TIDAK SEHAT")), 1, 0)))*1 -> 0
A62: 202209 | B62: 44813 | C62: 71 | D62: 91 | E62: 49 | F62: 28 | G62: 32 | H62: 43 | I62: 91 | J62: PM2,5 | K62: SEDANG | L62: DKI5 | N62: =(C62 - MIN(C$2:C$99)) / (MAX(C$2:C$99) - MIN(C$2:C$99)) -> 0.75862069 | O62: =(D62-MIN(D$2:D$99))/(MAX(D$2:D$99)-MIN(D$2:D$99)) -> 0.45714286 | P62: =(E62-MIN(E$2:E$99))/(MAX(E$2:E$99)-MIN(E$2:E$99)) -> 0.33333333 | Q62: =(F62-MIN(F$2:F$99))/(MAX(F$2:F$99)-MIN(F$2:F$99)) -> 1 | R62: =(G62-MIN(G$2:G$99))/(MAX(G$2:G$99)-MIN(G$2:G$99)) -> 0.091463415 | S62: =(H62-MIN(H$2:H$99))/(MAX(H$2:H$99)-MIN(H$2:H$99)) -> 0.9375 | T62: =SUM(N62:S62) -> 3.5780603 | V62: 0.62 | W62: =1 - V62 -> 0.38 | X62: =V62^2 * N62 -> 0.29161379 | Y62: =W62^2 * N62 -> 0.10954483 | Z62: =(N62-$N$102)^2 + (O62-$O$102)^2 + (P62-$P$102)^2 + (Q62-$Q$102)^2 + (R62-$R$102)^2 + (S62-$S$102)^2 -> 0.4998719 | AA62: =(N62-$N$103)^2+(O62-$O$103)^2+(P62-$P$103)^2+(Q62-$Q$103)^2+(R62-$R$103)^2+(S62-$S$103)^2 -> 0.63240772 | AB62: =(1/Z62) / ((1/Z62) + (1/AA62)) -> 0.5585261 | AC62: =1 - AB62 -> 0.4414739 | AE62: =IF(AB62 > AC62, 1, 2) -> 1 | AF62: =(VALUE(IF(OR(AND(AE62=2, K62="SEDANG"), AND(AE62=1, K62="TIDAK SEHAT")), 1, 0)))*1 -> 0
A63: 202209 | B63: 44812 | C63: 61 | D63: 87 | E63: 48 | F63: 26 | G63: 32 | H63: 45 | I63: 87 | J63: PM2,5 | K63: SEDANG | L63: DKI4 | N63: =(C63 - MIN(C$2:C$99)) / (MAX(C$2:C$99) - MIN(C$2:C$99)) -> 0.5862069 | O63: =(D63-MIN(D$2:D$99))/(MAX(D$2:D$99)-MIN(D$2:D$99)) -> 0.41904762 | P63: =(E63-MIN(E$2:E$99))/(MAX(E$2:E$99)-MIN(E$2:E$99)) -> 0.25 | Q63: =(F63-MIN(F$2:F$99))/(MAX(F$2:F$99)-MIN(F$2:F$99)) -> 0.89473684 | R63: =(G63-MIN(G$2:G$99))/(MAX(G$2:G$99)-MIN(G$2:G$99)) -> 0.091463415 | S63: =(H63-MIN(H$2:H$99))/(MAX(H$2:H$99)-MIN(H$2:H$99)) -> 1 | T63: =SUM(N63:S63) -> 3.2414548 | V63: 0.63 | W63: =1 - V63 -> 0.37 | X63: =V63^2 * N63 -> 0.23266552 | Y63: =W63^2 * N63 -> 0.080251724 | Z63: =(N63-$N$102)^2 + (O63-$O$102)^2 + (P63-$P$102)^2 + (Q63-$Q$102)^2 + (R63-$R$102)^2 + (S63-$S$102)^2 -> 0.44868016 | AA63: =(N63-$N$103)^2+(O63-$O$103)^2+(P63-$P$103)^2+(Q63-$Q$103)^2+(R63-$R$103)^2+(S63-$S$103)^2 -> 0.60749759 | AB63: =(1/Z63) / ((1/Z63) + (1/AA63)) -> 0.57518499 | AC63: =1 - AB63 -> 0.42481501 | AE63: =IF(AB63 > AC63, 1, 2) -> 1 | AF63: =(VALUE(IF(OR(AND(AE63=2, K63="SEDANG"), AND(AE63=1, K63="TIDAK SEHAT")), 1, 0)))*1 -> 0
A64: 202209 | B64: 44811 | C64: 55 | D64: 79 | E64: 49 | F64: 15 | G64: 38 | H64: 21 | I64: 79 | J64: PM2,5 | K64: SEDANG | L64: DKI4 | N64: =(C64 - MIN(C$2:C$99)) / (MAX(C$2:C$99) - MIN(C$2:C$99)) -> 0.48275862 | O64: =(D64-MIN(D$2:D$99))/(MAX(D$2:D$99)-MIN(D$2:D$99)) -> 0.34285714 | P64: =(E64-MIN(E$2:E$99))/(MAX(E$2:E$99)-MIN(E$2:E$99)) -> 0.33333333 | Q64: =(F64-MIN(F$2:F$99))/(MAX(F$2:F$99)-MIN(F$2:F$99)) -> 0.31578947 | R64: =(G64-MIN(G$2:G$99))/(MAX(G$2:G$99)-MIN(G$2:G$99)) -> 0.12804878 | S64: =(H64-MIN(H$2:H$99))/(MAX(H$2:H$99)-MIN(H$2:H$99)) -> 0.25 | T64: =SUM(N64:S64) -> 1.8527874 | V64: 0.64 | W64: =1 - V64 -> 0.36 | X64: =V64^2 * N64 -> 0.19773793 | Y64: =W64^2 * N64 -> 0.062565517 | Z64: =(N64-$N$102)^2 + (O64-$O$102)^2 + (P64-$P$102)^2 + (Q64-$Q$102)^2 + (R64-$R$102)^2 + (S64-$S$102)^2 -> 0.15297448 | AA64: =(N64-$N$103)^2+(O64-$O$103)^2+(P64-$P$103)^2+(Q64-$Q$103)^2+(R64-$R$103)^2+(S64-$S$103)^2 -> 0.14013036 | AB64: =(1/Z64) / ((1/Z64) + (1/AA64)) -> 0.47808955 | AC64: =1 - AB64 -> 0.52191045 | AE64: =IF(AB64 > AC64, 1, 2) -> 2 | AF64: =(VALUE(IF(OR(AND(AE64=2, K64="SEDANG"), AND(AE64=1, K64="TIDAK SEHAT")), 1, 0)))*1 -> 1
A65: 202209 | B65: 44810 | C65: 63 | D65: 86 | E65: 51 | F65: 12 | G65: 43 | H65: 17 | I65: 86 | J65: PM2,5 | K65: SEDANG | L65: DKI4 | N65: =(C65 - MIN(C$2:C$99)) / (MAX(C$2:C$99) - MIN(C$2:C$99)) -> 0.62068966 | O65: =(D65-MIN(D$2:D$99))/(MAX(D$2:D$99)-MIN(D$2:D$99)) -> 0.40952381 | P65: =(E65-MIN(E$2:E$99))/(MAX(E$2:E$99)-MIN(E$2:E$99)) -> 0.5 | Q65: =(F65-MIN(F$2:F$99))/(MAX(F$2:F$99)-MIN(F$2:F$99)) -> 0.15789474 | R65: =(G65-MIN(G$2:G$99))/(MAX(G$2:G$99)-MIN(G$2:G$99)) -> 0.15853659 | S65: =(H65-MIN(H$2:H$99))/(MAX(H$2:H$99)-MIN(H$2:H$99)) -> 0.125 | T65: =SUM(N65:S65) -> 1.9716448 | V65: 0.67 | W65: =1 - V65 -> 0.33 | X65: =V65^2 * N65 -> 0.27862759 | Y65: =W65^2 * N65 -> 0.067593103 | Z65: =(N65-$N$102)^2 + (O65-$O$102)^2 + (P65-$P$102)^2 + (Q65-$Q$102)^2 + (R65-$R$102)^2 + (S65-$S$102)^2 -> 0.27699597 | AA65: =(N65-$N$103)^2+(O65-$O$103)^2+(P65-$P$103)^2+(Q65-$Q$103)^2+(R65-$R$103)^2+(S65-$S$103)^2 -> 0.21031067 | AB65: =(1/Z65) / ((1/Z65) + (1/AA65)) -> 0.43157768 | AC65: =1 - AB65 -> 0.56842232 | AE65: =IF(AB65 > AC65, 1, 2) -> 2 | AF65: =(VALUE(IF(OR(AND(AE65=2, K65="SEDANG"), AND(AE65=1, K65="TIDAK SEHAT")), 1, 0)))*1 -> 1
... A69: 202209 | B69: 44806 | C69: 71 | D69: 108 | E69: 51 | F69: 21 | G69: 35 | H69: 32 | I69: 108 | J69: PM2,5 | K69: TIDAK SEHAT | L69: DKI4 | N69: =(C69 - MIN(C$2:C$99)) / (MAX(C$2:C$99) - MIN(C$2:C$99)) -> 0.75862069 | O69: =(D69-MIN(D$2:D$99))/(MAX(D$2:D$99)-MIN(D$2:D$99)) -> 0.61904762 | P69: =(E69-MIN(E$2:E$99))/(MAX(E$2:E$99)-MIN(E$2:E$99)) -> 0.5 | Q69: =(F69-MIN(F$2:F$99))/(MAX(F$2:F$99)-MIN(F$2:F$99)) -> 0.63157895 | R69: =(G69-MIN(G$2:G$99))/(MAX(G$2:G$99)-MIN(G$2:G$99)) -> 0.1097561 | S69: =(H69-MIN(H$2:H$99))/(MAX(H$2:H$99)-MIN(H$2:H$99)) -> 0.59375 | T69: =SUM(N69:S69) -> 3.2127534 | V69: 0.71 | W69: =1 - V69 -> 0.29 | X69: =V69^2 * N69 -> 0.38242069 | Y69: =W69^2 * N69 -> 0.0638 | Z69: =(N69-$N$102)^2 + (O69-$O$102)^2 + (P69-$P$102)^2 + (Q69-$Q$102)^2 + (R69-$R$102)^2 + (S69-$S$102)^2 -> 0.097677293 | AA69: =(N69-$N$103)^2+(O69-$O$103)^2+(P69-$P$103)^2+(Q69-$Q$103)^2+(R69-$R$103)^2+(S69-$S$103)^2 -> 0.12732086 | AB69: =(1/Z69) / ((1/Z69) + (1/AA69)) -> 0.56587514 | AC69: =1 - AB69 -> 0.43412486 | AE69: =IF(AB69 > AC69, 1, 2) -> 1 | AF69: =(VALUE(IF(OR(AND(AE69=2, K69="SEDANG"), AND(AE69=1, K69="TIDAK SEHAT")), 1, 0)))*1 -> 1
A70: 202210 | B70: 44860 | C70: 39 | D70: 43 | E70: 51 | F70: 11 | G70: 27 | H70: 17 | I70: 51 | J70: SO2 | K70: SEDANG | L70: DKI4 | N70: =(C70 - MIN(C$2:C$99)) / (MAX(C$2:C$99) - MIN(C$2:C$99)) -> 0.20689655 | O70: =(D70-MIN(D$2:D$99))/(MAX(D$2:D$99)-MIN(D$2:D$99)) -> 0 | P70: =(E70-MIN(E$2:E$99))/(MAX(E$2:E$99)-MIN(E$2:E$99)) -> 0.5 | Q70: =(F70-MIN(F$2:F$99))/(MAX(F$2:F$99)-MIN(F$2:F$99)) -> 0.10526316 | R70: =(G70-MIN(G$2:G$99))/(MAX(G$2:G$99)-MIN(G$2:G$99)) -> 0.06097561 | S70: =(H70-MIN(H$2:H$99))/(MAX(H$2:H$99)-MIN(H$2:H$99)) -> 0.125 | T70: =SUM(N70:S70) -> 0.99813532 | V70: 0.72 | W70: =1 - V70 -> 0.28 | X70: =V70^2 * N70 -> 0.10725517 | Y70: =W70^2 * N70 -> 0.01622069 | Z70: =(N70-$N$102)^2+(O70-$O$102)^2+(P70-$P$102)^2+(Q70-$Q$102)^2+(R70-$R$102)^2+(S70-$S$102)^2 -> 0.66792292 | AA70: =(N70-$N$103)^2+(O70-$O$103)^2+(P70-$P$103)^2+(Q70-$Q$103)^2+(R70-$R$103)^2+(S70-$S$103)^2 -> 0.71539812 | AB70: =(1/Z70) / ((1/Z70) + (1/AA70)) -> 0.51715986 | AC70: =1 - AB70 -> 0.48284014 | AE70: =IF(AB70 > AC70, 1, 2) -> 1 | AF70: =(VALUE(IF(OR(AND(AE70=2, K70="SEDANG"), AND(AE70=1, K70="TIDAK SEHAT")), 1, 0)))*1 -> 0
A71: 202210 | B71: 44859 | C71: 27 | D71: 53 | E71: 51 | F71: 9 | G71: 30 | H71: 19 | I71: 53 | J71: PM2,5 | K71: SEDANG | L71: DKI2 | N71: =(C71 - MIN(C$2:C$99)) / (MAX(C$2:C$99) - MIN(C$2:C$99)) -> 0 | O71: =(D71-MIN(D$2:D$99))/(MAX(D$2:D$99)-MIN(D$2:D$99)) -> 0.095238095 | P71: =(E71-MIN(E$2:E$99))/(MAX(E$2:E$99)-MIN(E$2:E$99)) -> 0.5 | Q71: =(F71-MIN(F$2:F$99))/(MAX(F$2:F$99)-MIN(F$2:F$99)) -> 0 | R71: =(G71-MIN(G$2:G$99))/(MAX(G$2:G$99)-MIN(G$2:G$99)) -> 0.079268293 | S71: =(H71-MIN(H$2:H$99))/(MAX(H$2:H$99)-MIN(H$2:H$99)) -> 0.1875 | T71: =SUM(N71:S71) -> 0.86200639 | V71: 0.73 | W71: =1 - V71 -> 0.27 | X71: =V71^2 * N71 -> 0 | Y71: =W71^2 * N71 -> 0 | Z71: =(N71-$N$102)^2 + (O71-$O$102)^2 + (P71-$P$102)^2 + (Q71-$Q$102)^2 + (R71-$R$102)^2 + (S71-$S$102)^2 -> 0.82099711 | AA71: =(N71-$N$103)^2+(O71-$O$103)^2+(P71-$P$103)^2+(Q71-$Q$103)^2+(R71-$R$103)^2+(S71-$S$103)^2 -> 0.8868189 | AB71: =(1/Z71) / ((1/Z71) + (1/AA71)) -> 0.51927075 | AC71: =1 - AB71 -> 0.48072925 | AE71: =IF(AB71 > AC71, 1, 2) -> 1 | AF71: =(VALUE(IF(OR(AND(AE71=2, K71="SEDANG"), AND(AE71=1, K71="TIDAK SEHAT")), 1, 0)))*1 -> 0
A72: 202210 | B72: 44858 | C72: 41 | D72: 57 | E72: 50 | F72: 10 | G72: 31 | H72: 18 | I72: 57 | J72: PM2,5 | K72: SEDANG | L72: DKI4 | N72: =(C72 - MIN(C$2:C$99)) / (MAX(C$2:C$99) - MIN(C$2:C$99)) -> 0.24137931 | O72: =(D72-MIN(D$2:D$99))/(MAX(D$2:D$99)-MIN(D$2:D$99)) -> 0.13333333 | P72: =(E72-MIN(E$2:E$99))/(MAX(E$2:E$99)-MIN(E$2:E$99)) -> 0.41666667 | Q72: =(F72-MIN(F$2:F$99))/(MAX(F$2:F$99)-MIN(F$2:F$99)) -> 0.052631579 | R72: =(G72-MIN(G$2:G$99))/(MAX(G$2:G$99)-MIN(G$2:G$99)) -> 0.085365854 | S72: =(H72-MIN(H$2:H$99))/(MAX(H$2:H$99)-MIN(H$2:H$99)) -> 0.15625 | T72: =SUM(N72:S72) -> 1.0856267 | V72: 0.74 | W72: =1 - V72 -> 0.26 | X72: =V72^2 * N72 -> 0.13217931 | Y72: =W72^2 * N72 -> 0.016317241 | Z72: =(N72-$N$102)^2 + (O72-$O$102)^2 + (P72-$P$102)^2 + (Q72-$Q$102)^2 + (R72-$R$102)^2 + (S72-$S$102)^2 -> 0.55095261 | AA72: =(N72-$N$103)^2+(O72-$O$103)^2+(P72-$P$103)^2+(Q72-$Q$103)^2+(R72-$R$103)^2+(S72-$S$103)^2 -> 0.57143807 | AB72: =(1/Z72) / ((1/Z72) + (1/AA72)) -> 0.50912581 | AC72: =1 - AB72 -> 0.49087419 | AE72: =IF(AB72 > AC72, 1, 2) -> 1 | AF72: =(VALUE(IF(OR(AND(AE72=2, K72="SEDANG"), AND(AE72=1, K72="TIDAK SEHAT")), 1, 0)))*1 -> 0
A73: 202210 | B73: 44857 | C73: 52 | D73: 66 | E73: 51 | F73: 11 | G73: 45 | H73: 21 | I73: 66 | J73: PM2,5 | K73: SEDANG | L73: DKI4 | N73: =(C73 - MIN(C$2:C$99)) / (MAX(C$2:C$99) - MIN(C$2:C$99)) -> 0.43103448 | O73: =(D73-MIN(D$2:D$99))/(MAX(D$2:D$99)-MIN(D$2:D$99)) -> 0.21904762 | P73: =(E73-MIN(E$2:E$99))/(MAX(E$2:E$99)-MIN(E$2:E$99)) -> 0.5 | Q73: =(F73-MIN(F$2:F$99))/(MAX(F$2:F$99)-MIN(F$2:F$99)) -> 0.10526316 | R73: =(G73-MIN(G$2:G$99))/(MAX(G$2:G$99)-MIN(G$2:G$99)) -> 0.17073171 | S73: =(H73-MIN(H$2:H$99))/(MAX(H$2:H$99)-MIN(H$2:H$99)) -> 0.25 | T73: =SUM(N73:S73) -> 1.676077 | V73: 0.75 | W73: =1 - V73 -> 0.25 | X73: =V73^2 * N73 -> 0.2424569 | Y73: =W73^2 * N73 -> 0.026939655 | Z73: =(N73-$N$102)^2 + (O73-$O$102)^2 + (P73-$P$102)^2 + (Q73-$Q$102)^2 + (R73-$R$102)^2 + (S73-$S$102)^2 -> 0.29442503 | AA73: =(N73-$N$103)^2+(O73-$O$103)^2+(P73-$P$103)^2+(Q73-$Q$103)^2+(R73-$R$103)^2+(S73-$S$103)^2 -> 0.29292117 | AB73: =(1/Z73) / ((1/Z73) + (1/AA73)) -> 0.49871978 | AC73: =1 - AB73 -> 0.50128022 | AE73: =IF(AB73 > AC73, 1, 2) -> 2 | AF73: =(VALUE(IF(OR(AND(AE73=2, K73="SEDANG"), AND(AE73=1, K73="TIDAK SEHAT")), 1, 0)))*1 -> 1
A74: 202210 | B74: 44856 | C74: 58 | D74: 82 | E74: 51 | F74: 19 | G74: 39 | H74: 41 | I74: 82 | J74: PM2,5 | K74: SEDANG | L74: DKI4 | N74: =(C74 - MIN(C$2:C$99)) / (MAX(C$2:C$99) - MIN(C$2:C$99)) -> 0.53448276 | O74: =(D74-MIN(D$2:D$99))/(MAX(D$2:D$99)-MIN(D$2:D$99)) -> 0.37142857 | P74: =(E74-MIN(E$2:E$99))/(MAX(E$2:E$99)-MIN(E$2:E$99)) -> 0.5 | Q74: =(F74-MIN(F$2:F$99))/(MAX(F$2:F$99)-MIN(F$2:F$99)) -> 0.52631579 | R74: =(G74-MIN(G$2:G$99))/(MAX(G$2:G$99)-MIN(G$2:G$99)) -> 0.13414634 | S74: =(H74-MIN(H$2:H$99))/(MAX(H$2:H$99)-MIN(H$2:H$99)) -> 0.875 | T74: =SUM(N74:S74) -> 2.9413735 | V74: 0.76 | W74: =1 - V74 -> 0.24 | X74: =V74^2 * N74 -> 0.30871724 | Y74: =W74^2 * N74 -> 0.030786207 | Z74: =(N74-$N$102)^2 + (O74-$O$102)^2 + (P74-$P$102)^2 + (Q74-$Q$102)^2 + (R74-$R$102)^2 + (S74-$S$102)^2 -> 0.12386551 | AA74: =(N74-$N$103)^2+(O74-$O$103)^2+(P74-$P$103)^2+(Q74-$Q$103)^2+(R74-$R$103)^2+(S74-$S$103)^2 -> 0.25642505 | AB74: =(1/Z74) / ((1/Z74) + (1/AA74)) -> 0.67428719 | AC74: =1 - AB74 -> 0.32571281 | AE74: =IF(AB74 > AC74, 1, 2) -> 1 | AF74: =(VALUE(IF(OR(AND(AE74=2, K74="SEDANG"), AND(AE74=1, K74="TIDAK SEHAT")), 1, 0)))*1 -> 0
A75: 202210 | B75: 44855 | C75: 52 | D75: 67 | E75: 50 | F75: 16 | G75: 31 | H75: 27 | I75: 67 | J75: PM2,5 | K75: SEDANG | L75: DKI4 | N75: =(C75 - MIN(C$2:C$99)) / (MAX(C$2:C$99) - MIN(C$2:C$99)) -> 0.43103448 | O75: =(D75-MIN(D$2:D$99))/(MAX(D$2:D$99)-MIN(D$2:D$99)) -> 0.22857143 | P75: =(E75-MIN(E$2:E$99))/(MAX(E$2:E$99)-MIN(E$2:E$99)) -> 0.41666667 | Q75: =(F75-MIN(F$2:F$99))/(MAX(F$2:F$99)-MIN(F$2:F$99)) -> 0.36842105 | R75: =(G75-MIN(G$2:G$99))/(MAX(G$2:G$99)-MIN(G$2:G$99)) -> 0.085365854 | S75: =(H75-MIN(H$2:H$99))/(MAX(H$2:H$99)-MIN(H$2:H$99)) -> 0.4375 | T75: =SUM(N75:S75) -> 1.9675595 | V75: 0.77 | W75: =1 - V75 -> 0.23 | X75: =V75^2 * N75 -> 0.25556034 | Y75: =W75^2 * N75 -> 0.022801724 | Z75: =(N75-$N$102)^2 + (O75-$O$102)^2 + (P75-$P$102)^2 + (Q75-$Q$102)^2 + (R75-$R$102)^2 + (S75-$S$102)^2 -> 0.10649684 | AA75: =(N75-$N$103)^2+(O75-$O$103)^2+(P75-$P$103)^2+(Q75-$Q$103)^2+(R75-$R$103)^2+(S75-$S$103)^2 -> 0.17049751 | AB75: =(1/Z75) / ((1/Z75) + (1/AA75)) -> 0.61552703 | AC75: =1 - AB75 -> 0.38447297 | AE75: =IF(AB75 > AC75, 1, 2) -> 1 | AF75: =(VALUE(IF(OR(AND(AE75=2, K75="SEDANG"), AND(AE75=1, K75="TIDAK SEHAT")), 1, 0)))*1 -> 0
A76: 202210 | B76: 44854 | C76: 67 | D76: 88 | E76: 51 | F76: 28 | G76: 47 | H76: 45 | I76: 88 | J76: PM2,5 | K76: SEDANG | L76: DKI4 | N76: =(C76 - MIN(C$2:C$99)) / (MAX(C$2:C$99) - MIN(C$2:C$99)) -> 0.68965517 | O76: =(D76-MIN(D$2:D$99))/(MAX(D$2:D$99)-MIN(D$2:D$99)) -> 0.42857143 | P76: =(E76-MIN(E$2:E$99))/(MAX(E$2:E$99)-MIN(E$2:E$99)) -> 0.5 | Q76: =(F76-MIN(F$2:F$99))/(MAX(F$2:F$99)-MIN(F$2:F$99)) -> 1 | R76: =(G76-MIN(G$2:G$99))/(MAX(G$2:G$99)-MIN(G$2:G$99)) -> 0.18292683 | S76: =(H76-MIN(H$2:H$99))/(MAX(H$2:H$99)-MIN(H$2:H$99)) -> 1 | T76: =SUM(N76:S76) -> 3.8011534 | V76: 0.78 | W76: =1 - V76 -> 0.22 | X76: =V76^2 * N76 -> 0.41958621 | Y76: =W76^2 * N76 -> 0.03337931 | Z76: =(N76-$N$102)^2 + (O76-$O$102)^2 + (P76-$P$102)^2 + (Q76-$Q$102)^2 + (R76-$R$102)^2 + (S76-$S$102)^2 -> 0.50739855 | AA76: =(N76-$N$103)^2+(O76-$O$103)^2+(P76-$P$103)^2+(Q76-$Q$103)^2+(R76-$R$103)^2+(S76-$S$103)^2 -> 0.65811859 | AB76: =(1/Z76) / ((1/Z76) + (1/AA76)) -> 0.56465801 | AC76: =1 - AB76 -> 0.43534199 | AE76: =IF(AB76 > AC76, 1, 2) -> 1 | AF76: =(VALUE(IF(OR(AND(AE76=2, K76="SEDANG"), AND(AE76=1, K76="TIDAK SEHAT")), 1, 0)))*1 -> 0
A77: 202210 | B77: 44853 | C77: 64 | D77: 92 | E77: 51 | F77: 22 | G77: 42 | H77: 44 | I77: 92 | J77: PM2,5 | K77: SEDANG | L77: DKI4 | N77: =(C77 - MIN(C$2:C$99)) / (MAX(C$2:C$99) - MIN(C$2:C$99)) -> 0.63793103 | O77: =(D77-MIN(D$2:D$99))/(MAX(D$2:D$99)-MIN(D$2:D$99)) -> 0.46666667 | P77: =(E77-MIN(E$2:E$99))/(MAX(E$2:E$99)-MIN(E$2:E$99)) -> 0.5 | Q77: =(F77-MIN(F$2:F$99))/(MAX(F$2:F$99)-MIN(F$2:F$99)) -> 0.68421053 | R77: =(G77-MIN(G$2:G$99))/(MAX(G$2:G$99)-MIN(G$2:G$99)) -> 0.15243902 | S77: =(H77-MIN(H$2:H$99))/(MAX(H$2:H$99)-MIN(H$2:H$99)) -> 0.96875 | T77: =SUM(N77:S77) -> 3.4099973 | V77: 0.79 | W77: =1 - V77 -> 0.21 | X77: =V77^2 * N77 -> 0.39813276 | Y77: =W77^2 * N77 -> 0.028132759 | Z77: =(N77-$N$102)^2 + (O77-$O$102)^2 + (P77-$P$102)^2 + (Q77-$Q$102)^2 + (R77-$R$102)^2 + (S77-$S$102)^2 -> 0.23236301 | AA77: =(N77-$N$103)^2+(O77-$O$103)^2+(P77-$P$103)^2+(Q77-$Q$103)^2+(R77-$R$103)^2+(S77-$S$103)^2 -> 0.36665115 | AB77: =(1/Z77) / ((1/Z77) + (1/AA77)) -> 0.61209095 | AC77: =1 - AB77 -> 0.38790905 | AE77: =IF(AB77 > AC77, 1, 2) -> 1 | AF77: =(VALUE(IF(OR(AND(AE77=2, K77="SEDANG"), AND(AE77=1, K77="TIDAK SEHAT")), 1, 0)))*1 -> 0
A78: 202210 | B78: 44852 | C78: 59 | D78: 79 | E78: 50 | F78: 16 | G78: 45 | H78: 35 | I78: 79 | J78: PM2,5 | K78: SEDANG | L78: DKI1 | N78: =(C78 - MIN(C$2:C$99)) / (MAX(C$2:C$99) - MIN(C$2:C$99)) -> 0.55172414 | O78: =(D78-MIN(D$2:D$99))/(MAX(D$2:D$99)-MIN(D$2:D$99)) -> 0.34285714 | P78: =(E78-MIN(E$2:E$99))/(MAX(E$2:E$99)-MIN(E$2:E$99)) -> 0.41666667 | Q78: =(F78-MIN(F$2:F$99))/(MAX(F$2:F$99)-MIN(F$2:F$99)) -> 0.36842105 | R78: =(G78-MIN(G$2:G$99))/(MAX(G$2:G$99)-MIN(G$2:G$99)) -> 0.17073171 | S78: =(H78-MIN(H$2:H$99))/(MAX(H$2:H$99)-MIN(H$2:H$99)) -> 0.6875 | T78: =SUM(N78:S78) -> 2.5379007 | V78: 0.8 | W78: =1 - V78 -> 0.2 | X78: =V78^2 * N78 -> 0.35310345 | Y78: =W78^2 * N78 -> 0.022068966 | Z78: =(N78-$N$102)^2 + (O78-$O$102)^2 + (P78-$P$102)^2 + (Q78-$Q$102)^2 + (R78-$R$102)^2 + (S78-$S$102)^2 -> 0.043841654 | AA78: =(N78-$N$103)^2+(O78-$O$103)^2+(P78-$P$103)^2+(Q78-$Q$103)^2+(R78-$R$103)^2+(S78-$S$103)^2 -> 0.11469095 | AB78: =(1/Z78) / ((1/Z78) + (1/AA78)) -> 0.72345339 | AC78: =1 - AB78 -> 0.27654661 | AE78: =IF(AB78 > AC78, 1, 2) -> 1 | AF78: =(VALUE(IF(OR(AND(AE78=2, K78="SEDANG"), AND(AE78=1, K78="TIDAK SEHAT")), 1, 0)))*1 -> 0
A79: 202210 | B79: 44851 | C79: 56 | D79: 85 | E79: 51 | F79: 13 | G79: 54 | H79: 25 | I79: 85 | J79: PM2,5 | K79: SEDANG | L79: DKI4 | N79: =(C79 - MIN(C$2:C$99)) / (MAX(C$2:C$99) - MIN(C$2:C$99)) -> 0.5 | O79: =(D79-MIN(D$2:D$99))/(MAX(D$2:D$99)-MIN(D$2:D$99)) -> 0.4 | P79: =(E79-MIN(E$2:E$99))/(MAX(E$2:E$99)-MIN(E$2:E$99)) -> 0.5 | Q79: =(F79-MIN(F$2:F$99))/(MAX(F$2:F$99)-MIN(F$2:F$99)) -> 0.21052632 | R79: =(G79-MIN(G$2:G$99))/(MAX(G$2:G$99)-MIN(G$2:G$99)) -> 0.22560976 | S79: =(H79-MIN(H$2:H$99))/(MAX(H$2:H$99)-MIN(H$2:H$99)) -> 0.375 | T79: =SUM(N79:S79) -> 2.2111361 | V79: 0.81 | W79: =1 - V79 -> 0.19 | X79: =V79^2 * N79 -> 0.32805 | Y79: =W79^2 * N79 -> 0.01805 | Z79: =(N79-$N$102)^2 + (O79-$O$102)^2 + (P79-$P$102)^2 + (Q79-$Q$102)^2 + (R79-$R$102)^2 + (S79-$S$102)^2 -> 0.10496687 | AA79: =(N79-$N$103)^2+(O79-$O$103)^2+(P79-$P$103)^2+(Q79-$Q$103)^2+(R79-$R$103)^2+(S79-$S$103)^2 -> 0.095782975 | AB79: =(1/Z79) / ((1/Z79) + (1/AA79)) -> 0.47712601 | AC79: =1 - AB79 -> 0.52287399 | AE79: =IF(AB79 > AC79, 1, 2) -> 2 | AF79: =(VALUE(IF(OR(AND(AE79=2, K79="SEDANG"), AND(AE79=1, K79="TIDAK SEHAT")), 1, 0)))*1 -> 1
A80: 202210 | B80: 44850 | C80: 62 | D80: 93 | E80: 51 | F80: 19 | G80: 52 | H80: 36 | I80: 93 | J80: PM2,5 | K80: SEDANG | L80: DKI4 | N80: =(C80 - MIN(C$2:C$99)) / (MAX(C$2:C$99) - MIN(C$2:C$99)) -> 0.60344828 | O80: =(D80-MIN(D$2:D$99))/(MAX(D$2:D$99)-MIN(D$2:D$99)) -> 0.47619048 | P80: =(E80-MIN(E$2:E$99))/(MAX(E$2:E$99)-MIN(E$2:E$99)) -> 0.5 | Q80: =(F80-MIN(F$2:F$99))/(MAX(F$2:F$99)-MIN(F$2:F$99)) -> 0.52631579 | R80: =(G80-MIN(G$2:G$99))/(MAX(G$2:G$99)-MIN(G$2:G$99)) -> 0.21341463 | S80: =(H80-MIN(H$2:H$99))/(MAX(H$2:H$99)-MIN(H$2:H$99)) -> 0.71875 | T80: =SUM(N80:S80) -> 3.0381192 | V80: 0.82 | W80: =1 - V80 -> 0.18 | X80: =V80^2 * N80 -> 0.40575862 | Y80: =W80^2 * N80 -> 0.019551724 | Z80: =(N80-$N$102)^2 + (O80-$O$102)^2 + (P80-$P$102)^2 + (Q80-$Q$102)^2 + (R80-$R$102)^2 + (S80-$S$102)^2 -> 0.036166574 | AA80: =(N80-$N$103)^2+(O80-$O$103)^2+(P80-$P$103)^2+(Q80-$Q$103)^2+(R80-$R$103)^2+(S80-$S$103)^2 -> 0.099033392 | AB80: =(1/Z80) / ((1/Z80) + (1/AA80)) -> 0.73249569 | AC80: =1 - AB80 -> 0.26750431 | AE80: =IF(AB80 > AC80, 1, 2) -> 1 | AF80: =(VALUE(IF(OR(AND(AE80=2, K80="SEDANG"), AND(AE80=1, K80="TIDAK SEHAT")), 1, 0)))*1 -> 0
A81: 202210 | B81: 44849 | C81: 55 | D81: 78 | E81: 51 | F81: 13 | G81: 58 | H81: 27 | I81: 78 | J81: PM2,5 | K81: SEDANG | L81: DKI4 | N81: =(C81 - MIN(C$2:C$99)) / (MAX(C$2:C$99) - MIN(C$2:C$99)) -> 0.48275862 | O81: =(D81-MIN(D$2:D$99))/(MAX(D$2:D$99)-MIN(D$2:D$99)) -> 0.33333333 | P81: =(E81-MIN(E$2:E$99))/(MAX(E$2:E$99)-MIN(E$2:E$99)) -> 0.5 | Q81: =(F81-MIN(F$2:F$99))/(MAX(F$2:F$99)-MIN(F$2:F$99)) -> 0.21052632 | R81: =(G81-MIN(G$2:G$99))/(MAX(G$2:G$99)-MIN(G$2:G$99)) -> 0.25 | S81: =(H81-MIN(H$2:H$99))/(MAX(H$2:H$99)-MIN(H$2:H$99)) -> 0.4375 | T81: =SUM(N81:S81) -> 2.2141183 | V81: 0.83 | W81: =1 - V81 -> 0.17 | X81: =V81^2 * N81 -> 0.33257241 | Y81: =W81^2 * N81 -> 0.013951724 | Z81: =(N81-$N$102)^2 + (O81-$O$102)^2 + (P81-$P$102)^2 + (Q81-$Q$102)^2 + (R81-$R$102)^2 + (S81-$S$102)^2 -> 0.10418492 | AA81: =(N81-$N$103)^2+(O81-$O$103)^2+(P81-$P$103)^2+(Q81-$Q$103)^2+(R81-$R$103)^2+(S81-$S$103)^2 -> 0.1124644 | AB81: =(1/Z81) / ((1/Z81) + (1/AA81)) -> 0.51910803 | AC81: =1 - AB81 -> 0.48089197 | AE81: =IF(AB81 > AC81, 1, 2) -> 1 | AF81: =(VALUE(IF(OR(AND(AE81=2, K81="SEDANG"), AND(AE81=1, K81="TIDAK SEHAT")), 1, 0)))*1 -> 0
A82: 202210 | B82: 44848 | C82: 67 | D82: 94 | E82: 50 | F82: 28 | G82: 47 | H82: 45 | I82: 94 | J82: PM2,5 | K82: SEDANG | L82: DKI4 | N82: =(C82 - MIN(C$2:C$99)) / (MAX(C$2:C$99) - MIN(C$2:C$99)) -> 0.68965517 | O82: =(D82-MIN(D$2:D$99))/(MAX(D$2:D$99)-MIN(D$2:D$99)) -> 0.48571429 | P82: =(E82-MIN(E$2:E$99))/(MAX(E$2:E$99)-MIN(E$2:E$99)) -> 0.41666667 | Q82: =(F82-MIN(F$2:F$99))/(MAX(F$2:F$99)-MIN(F$2:F$99)) -> 1 | R82: =(G82-MIN(G$2:G$99))/(MAX(G$2:G$99)-MIN(G$2:G$99)) -> 0.18292683 | S82: =(H82-MIN(H$2:H$99))/(MAX(H$2:H$99)-MIN(H$2:H$99)) -> 1 | T82: =SUM(N82:S82) -> 3.774963 | V82: 0.84 | W82: =1 - V82 -> 0.16 | X82: =V82^2 * N82 -> 0.48662069 | Y82: =W82^2 * N82 -> 0.017655172 | Z82: =(N82-$N$102)^2 + (O82-$O$102)^2 + (P82-$P$102)^2 + (Q82-$Q$102)^2 + (R82-$R$102)^2 + (S82-$S$102)^2 -> 0.50917736 | AA82: =(N82-$N$103)^2+(O82-$O$103)^2+(P82-$P$103)^2+(Q82-$Q$103)^2+(R82-$R$103)^2+(S82-$S$103)^2 -> 0.64727774 | AB82: =(1/Z82) / ((1/Z82) + (1/AA82)) -> 0.55970849 | AC82: =1 - AB82 -> 0.44029151 | AE82: =IF(AB82 > AC82, 1, 2) -> 1 | AF82: =(VALUE(IF(OR(AND(AE82=2, K82="SEDANG"), AND(AE82=1, K82="TIDAK SEHAT")), 1, 0)))*1 -> 0
... A86: 202210 | B86: 44844 | C86: 54 | D86: 74 | E86: 50 | F86: 14 | G86: 38 | H86: 25 | I86: 74 | J86: PM2,5 | K86: SEDANG | L86: DKI4 | N86: =(C86 - MIN(C$2:C$99)) / (MAX(C$2:C$99) - MIN(C$2:C$99)) -> 0.46551724 | O86: =(D86-MIN(D$2:D$99))/(MAX(D$2:D$99)-MIN(D$2:D$99)) -> 0.2952381 | P86: =(E86-MIN(E$2:E$99))/(MAX(E$2:E$99)-MIN(E$2:E$99)) -> 0.41666667 | Q86: =(F86-MIN(F$2:F$99))/(MAX(F$2:F$99)-MIN(F$2:F$99)) -> 0.26315789 | R86: =(G86-MIN(G$2:G$99))/(MAX(G$2:G$99)-MIN(G$2:G$99)) -> 0.12804878 | S86: =(H86-MIN(H$2:H$99))/(MAX(H$2:H$99)-MIN(H$2:H$99)) -> 0.375 | T86: =SUM(N86:S86) -> 1.9436287 | V86: 0.89 | W86: =1 - V86 -> 0.11 | X86: =V86^2 * N86 -> 0.36873621 | Y86: =W86^2 * N86 -> 0.0056327586 | Z86: =(N86-$N$102)^2 + (O86-$O$102)^2 + (P86-$P$102)^2 + (Q86-$Q$102)^2 + (R86-$R$102)^2 + (S86-$S$102)^2 -> 0.1135062 | AA86: =(N86-$N$103)^2+(O86-$O$103)^2+(P86-$P$103)^2+(Q86-$Q$103)^2+(R86-$R$103)^2+(S86-$S$103)^2 -> 0.13753913 | AB86: =(1/Z86) / ((1/Z86) + (1/AA86)) -> 0.5478657 | AC86: =1 - AB86 -> 0.4521343 | AE86: =IF(AB86 > AC86, 1, 2) -> 1 | AF86: =(VALUE(IF(OR(AND(AE86=2, K86="SEDANG"), AND(AE86=1, K86="TIDAK SEHAT")), 1, 0)))*1 -> 0
A87: 202210 | B87: 44843 | C87: 58 | D87: 95 | E87: 50 | F87: 24 | G87: 39 | H87: 35 | I87: 95 | J87: PM2,5 | K87: SEDANG | L87: DKI4 | N87: =(C87 - MIN(C$2:C$99)) / (MAX(C$2:C$99) - MIN(C$2:C$99)) -> 0.53448276 | O87: =(D87-MIN(D$2:D$99))/(MAX(D$2:D$99)-MIN(D$2:D$99)) -> 0.4952381 | P87: =(E87-MIN(E$2:E$99))/(MAX(E$2:E$99)-MIN(E$2:E$99)) -> 0.41666667 | Q87: =(F87-MIN(F$2:F$99))/(MAX(F$2:F$99)-MIN(F$2:F$99)) -> 0.78947368 | R87: =(G87-MIN(G$2:G$99))/(MAX(G$2:G$99)-MIN(G$2:G$99)) -> 0.13414634 | S87: =(H87-MIN(H$2:H$99))/(MAX(H$2:H$99)-MIN(H$2:H$99)) -> 0.6875 | T87: =SUM(N87:S87) -> 3.0575075 | V87: 0.9 | W87: =1 - V87 -> 0.1 | X87: =V87^2 * N87 -> 0.43293103 | Y87: =W87^2 * N87 -> 0.0053448276 | Z87: =(N87-$N$102)^2+(O87-$O$102)^2+(P87-$P$102)^2+(Q87-$Q$102)^2+(R87-$R$102)^2+(S87-$S$102)^2 -> 0.13592642 | AA87: =(N87-$N$103)^2+(O87-$O$103)^2+(P87-$P$103)^2+(Q87-$Q$103)^2+(R87-$R$103)^2+(S87-$S$103)^2 -> 0.22460636 | AB87: =(1/Z87) / ((1/Z87) + (1/AA87)) -> 0.62298458 | AC87: =1 - AB87 -> 0.37701542 | AE87: =IF(AB87 > AC87, 1, 2) -> 1 | AF87: =(VALUE(IF(OR(AND(AE87=2, K87="SEDANG"), AND(AE87=1, K87="TIDAK SEHAT")), 1, 0)))*1 -> 0
A88: 202210 | B88: 44842 | C88: 35 | D88: 61 | E88: 50 | F88: 17 | G88: 28 | H88: 25 | I88: 61 | J88: PM2,5 | K88: SEDANG | L88: DKI5 | N88: =(C88 - MIN(C$2:C$99)) / (MAX(C$2:C$99) - MIN(C$2:C$99)) -> 0.13793103 | O88: =(D88-MIN(D$2:D$99))/(MAX(D$2:D$99)-MIN(D$2:D$99)) -> 0.17142857 | P88: =(E88-MIN(E$2:E$99))/(MAX(E$2:E$99)-MIN(E$2:E$99)) -> 0.41666667 | Q88: =(F88-MIN(F$2:F$99))/(MAX(F$2:F$99)-MIN(F$2:F$99)) -> 0.42105263 | R88: =(G88-MIN(G$2:G$99))/(MAX(G$2:G$99)-MIN(G$2:G$99)) -> 0.067073171 | S88: =(H88-MIN(H$2:H$99))/(MAX(H$2:H$99)-MIN(H$2:H$99)) -> 0.375 | T88: =SUM(N88:S88) -> 1.5891521 | V88: 0.91 | W88: =1 - V88 -> 0.09 | X88: =V88^2 * N88 -> 0.11422069 | Y88: =W88^2 * N88 -> 0.0011172414 | Z88: =(N88-$N$102)^2 + (O88-$O$102)^2 + (P88-$P$102)^2 + (Q88-$Q$102)^2 + (R88-$R$102)^2 + (S88-$S$102)^2 -> 0.32349407 | AA88: =(N88-$N$103)^2+(O88-$O$103)^2+(P88-$P$103)^2+(Q88-$Q$103)^2+(R88-$R$103)^2+(S88-$S$103)^2 -> 0.4241179 | AB88: =(1/Z88) / ((1/Z88) + (1/AA88)) -> 0.56729683 | AC88: =1 - AB88 -> 0.43270317 | AE88: =IF(AB88 > AC88, 1, 2) -> 1 | AF88: =(VALUE(IF(OR(AND(AE88=2, K88="SEDANG"), AND(AE88=1, K88="TIDAK SEHAT")), 1, 0)))*1 -> 0
A89: 202210 | B89: 44841 | C89: 51 | D89: 66 | E89: 53 | F89: 17 | G89: 35 | H89: 34 | I89: 66 | J89: PM2,5 | K89: SEDANG | L89: DKI1 | N89: =(C89 - MIN(C$2:C$99)) / (MAX(C$2:C$99) - MIN(C$2:C$99)) -> 0.4137931 | O89: =(D89-MIN(D$2:D$99))/(MAX(D$2:D$99)-MIN(D$2:D$99)) -> 0.21904762 | P89: =(E89-MIN(E$2:E$99))/(MAX(E$2:E$99)-MIN(E$2:E$99)) -> 0.66666667 | Q89: =(F89-MIN(F$2:F$99))/(MAX(F$2:F$99)-MIN(F$2:F$99)) -> 0.42105263 | R89: =(G89-MIN(G$2:G$99))/(MAX(G$2:G$99)-MIN(G$2:G$99)) -> 0.1097561 | S89: =(H89-MIN(H$2:H$99))/(MAX(H$2:H$99)-MIN(H$2:H$99)) -> 0.65625 | T89: =SUM(N89:S89) -> 2.4865661 | V89: 0.92 | W89: =1 - V89 -> 0.08 | X89: =V89^2 * N89 -> 0.35023448 | Y89: =W89^2 * N89 -> 0.0026482759 | Z89: =(N89-$N$102)^2 + (O89-$O$102)^2 + (P89-$P$102)^2 + (Q89-$Q$102)^2 + (R89-$R$102)^2 + (S89-$S$102)^2 -> 0.14217455 | AA89: =(N89-$N$103)^2+(O89-$O$103)^2+(P89-$P$103)^2+(Q89-$Q$103)^2+(R89-$R$103)^2+(S89-$S$103)^2 -> 0.27222549 | AB89: =(1/Z89) / ((1/Z89) + (1/AA89)) -> 0.65691473 | AC89: =1 - AB89 -> 0.34308527 | AE89: =IF(AB89 > AC89, 1, 2) -> 1 | AF89: =(VALUE(IF(OR(AND(AE89=2, K89="SEDANG"), AND(AE89=1, K89="TIDAK SEHAT")), 1, 0)))*1 -> 0
A90: 202210 | B90: 44840 | C90: 61 | D90: 89 | E90: 51 | F90: 20 | G90: 39 | H90: 32 | I90: 89 | J90: PM2,5 | K90: SEDANG | L90: DKI4 | N90: =(C90 - MIN(C$2:C$99)) / (MAX(C$2:C$99) - MIN(C$2:C$99)) -> 0.5862069 | O90: =(D90-MIN(D$2:D$99))/(MAX(D$2:D$99)-MIN(D$2:D$99)) -> 0.43809524 | P90: =(E90-MIN(E$2:E$99))/(MAX(E$2:E$99)-MIN(E$2:E$99)) -> 0.5 | Q90: =(F90-MIN(F$2:F$99))/(MAX(F$2:F$99)-MIN(F$2:F$99)) -> 0.57894737 | R90: =(G90-MIN(G$2:G$99))/(MAX(G$2:G$99)-MIN(G$2:G$99)) -> 0.13414634 | S90: =(H90-MIN(H$2:H$99))/(MAX(H$2:H$99)-MIN(H$2:H$99)) -> 0.59375 | T90: =SUM(N90:S90) -> 2.8311458 | V90: 0.93 | W90: =1 - V90 -> 0.07 | X90: =V90^2 * N90 -> 0.50701034 | Y90: =W90^2 * N90 -> 0.0028724138 | Z90: =(N90-$N$102)^2 + (O90-$O$102)^2 + (P90-$P$102)^2 + (Q90-$Q$102)^2 + (R90-$R$102)^2 + (S90-$S$102)^2 -> 0.020104536 | AA90: =(N90-$N$103)^2+(O90-$O$103)^2+(P90-$P$103)^2+(Q90-$Q$103)^2+(R90-$R$103)^2+(S90-$S$103)^2 -> 0.082904542 | AB90: =(1/Z90) / ((1/Z90) + (1/AA90)) -> 0.80482753 | AC90: =1 - AB90 -> 0.19517247 | AE90: =IF(AB90 > AC90, 1, 2) -> 1 | AF90: =(VALUE(IF(OR(AND(AE90=2, K90="SEDANG"), AND(AE90=1, K90="TIDAK SEHAT")), 1, 0)))*1 -> 0 | AI90: 1
A91: 202210 | B91: 44839 | C91: 51 | D91: 68 | E91: 50 | F91: 22 | G91: 36 | H91: 42 | I91: 68 | J91: PM2,5 | K91: SEDANG | L91: DKI4 | N91: =(C91 - MIN(C$2:C$99)) / (MAX(C$2:C$99) - MIN(C$2:C$99)) -> 0.4137931 | O91: =(D91-MIN(D$2:D$99))/(MAX(D$2:D$99)-MIN(D$2:D$99)) -> 0.23809524 | P91: =(E91-MIN(E$2:E$99))/(MAX(E$2:E$99)-MIN(E$2:E$99)) -> 0.41666667 | Q91: =(F91-MIN(F$2:F$99))/(MAX(F$2:F$99)-MIN(F$2:F$99)) -> 0.68421053 | R91: =(G91-MIN(G$2:G$99))/(MAX(G$2:G$99)-MIN(G$2:G$99)) -> 0.11585366 | S91: =(H91-MIN(H$2:H$99))/(MAX(H$2:H$99)-MIN(H$2:H$99)) -> 0.90625 | T91: =SUM(N91:S91) -> 2.7748692 | V91: 0.94 | W91: =1 - V91 -> 0.06 | X91: =V91^2 * N91 -> 0.36562759 | Y91: =W91^2 * N91 -> 0.0014896552 | Z91: =(N91-$N$102)^2 + (O91-$O$102)^2 + (P91-$P$102)^2 + (Q91-$Q$102)^2 + (R91-$R$102)^2 + (S91-$S$102)^2 -> 0.25912131 | AA91: =(N91-$N$103)^2+(O91-$O$103)^2+(P91-$P$103)^2+(Q91-$Q$103)^2+(R91-$R$103)^2+(S91-$S$103)^2 -> 0.43477806 | AB91: =(1/Z91) / ((1/Z91) + (1/AA91)) -> 0.62657221 | AC91: =1 - AB91 -> 0.37342779 | AE91: =IF(AB91 > AC91, 1, 2) -> 1 | AF91: =(VALUE(IF(OR(AND(AE91=2, K91="SEDANG"), AND(AE91=1, K91="TIDAK SEHAT")), 1, 0)))*1 -> 0
A92: 202210 | B92: 44838 | C92: 67 | D92: 98 | E92: 51 | F92: 15 | G92: 40 | H92: 33 | I92: 98 | J92: PM2,5 | K92: SEDANG | L92: DKI4 | N92: =(C92 - MIN(C$2:C$99)) / (MAX(C$2:C$99) - MIN(C$2:C$99)) -> 0.68965517 | O92: =(D92-MIN(D$2:D$99))/(MAX(D$2:D$99)-MIN(D$2:D$99)) -> 0.52380952 | P92: =(E92-MIN(E$2:E$99))/(MAX(E$2:E$99)-MIN(E$2:E$99)) -> 0.5 | Q92: =(F92-MIN(F$2:F$99))/(MAX(F$2:F$99)-MIN(F$2:F$99)) -> 0.31578947 | R92: =(G92-MIN(G$2:G$99))/(MAX(G$2:G$99)-MIN(G$2:G$99)) -> 0.1402439 | S92: =(H92-MIN(H$2:H$99))/(MAX(H$2:H$99)-MIN(H$2:H$99)) -> 0.625 | T92: =SUM(N92:S92) -> 2.7944981 | V92: 0.95 | W92: =1 - V92 -> 0.05 | X92: =V92^2 * N92 -> 0.62241379 | Y92: =W92^2 * N92 -> 0.0017241379 | Z92: =(N92-$N$102)^2 + (O92-$O$102)^2 + (P92-$P$102)^2 + (Q92-$Q$102)^2 + (R92-$R$102)^2 + (S92-$S$102)^2 -> 0.047854942 | AA92: =(N92-$N$103)^2+(O92-$O$103)^2+(P92-$P$103)^2+(Q92-$Q$103)^2+(R92-$R$103)^2+(S92-$S$103)^2 -> 0.078143617 | AB92: =(1/Z92) / ((1/Z92) + (1/AA92)) -> 0.62019453 | AC92: =1 - AB92 -> 0.37980547 | AE92: =IF(AB92 > AC92, 1, 2) -> 1 | AF92: =(VALUE(IF(OR(AND(AE92=2, K92="SEDANG"), AND(AE92=1, K92="TIDAK SEHAT")), 1, 0)))*1 -> 0
A93: 202210 | B93: 44837 | C93: 56 | D93: 76 | E93: 51 | F93: 18 | G93: 38 | H93: 35 | I93: 76 | J93: PM2,5 | K93: SEDANG | L93: DKI5 | N93: =(C93 - MIN(C$2:C$99)) / (MAX(C$2:C$99) - MIN(C$2:C$99)) -> 0.5 | O93: =(D93-MIN(D$2:D$99))/(MAX(D$2:D$99)-MIN(D$2:D$99)) -> 0.31428571 | P93: =(E93-MIN(E$2:E$99))/(MAX(E$2:E$99)-MIN(E$2:E$99)) -> 0.5 | Q93: =(F93-MIN(F$2:F$99))/(MAX(F$2:F$99)-MIN(F$2:F$99)) -> 0.47368421 | R93: =(G93-MIN(G$2:G$99))/(MAX(G$2:G$99)-MIN(G$2:G$99)) -> 0.12804878 | S93: =(H93-MIN(H$2:H$99))/(MAX(H$2:H$99)-MIN(H$2:H$99)) -> 0.6875 | T93: =SUM(N93:S93) -> 2.6035187 | V93: 0.96 | W93: =1 - V93 -> 0.04 | X93: =V93^2 * N93 -> 0.4608 | Y93: =W93^2 * N93 -> 0.0008 | Z93: =(N93-$N$102)^2 + (O93-$O$102)^2 + (P93-$P$102)^2 + (Q93-$Q$102)^2 + (R93-$R$102)^2 + (S93-$S$102)^2 -> 0.049989151 | AA93: =(N93-$N$103)^2+(O93-$O$103)^2+(P93-$P$103)^2+(Q93-$Q$103)^2+(R93-$R$103)^2+(S93-$S$103)^2 -> 0.15195506 | AB93: =(1/Z93) / ((1/Z93) + (1/AA93)) -> 0.7524606 | AC93: =1 - AB93 -> 0.2475394 | AE93: =IF(AB93 > AC93, 1, 2) -> 1 | AF93: =(VALUE(IF(OR(AND(AE93=2, K93="SEDANG"), AND(AE93=1, K93="TIDAK SEHAT")), 1, 0)))*1 -> 0
A94: 202210 | B94: 44836 | C94: 54 | D94: 79 | E94: 50 | F94: 12 | G94: 43 | H94: 19 | I94: 79 | J94: PM2,5 | K94: SEDANG | L94: DKI4 | N94: =(C94 - MIN(C$2:C$99)) / (MAX(C$2:C$99) - MIN(C$2:C$99)) -> 0.46551724 | O94: =(D94-MIN(D$2:D$99))/(MAX(D$2:D$99)-MIN(D$2:D$99)) -> 0.34285714 | P94: =(E94-MIN(E$2:E$99))/(MAX(E$2:E$99)-MIN(E$2:E$99)) -> 0.41666667 | Q94: =(F94-MIN(F$2:F$99))/(MAX(F$2:F$99)-MIN(F$2:F$99)) -> 0.15789474 | R94: =(G94-MIN(G$2:G$99))/(MAX(G$2:G$99)-MIN(G$2:G$99)) -> 0.15853659 | S94: =(H94-MIN(H$2:H$99))/(MAX(H$2:H$99)-MIN(H$2:H$99)) -> 0.1875 | T94: =SUM(N94:S94) -> 1.7289724 | V94: 0.97 | W94: =1 - V94 -> 0.03 | X94: =V94^2 * N94 -> 0.43800517 | Y94: =W94^2 * N94 -> 0.00041896552 | Z94: =(N94-$N$102)^2 + (O94-$O$102)^2 + (P94-$P$102)^2 + (Q94-$Q$102)^2 + (R94-$R$102)^2 + (S94-$S$102)^2 -> 0.25101816 | AA94: =(N94-$N$103)^2+(O94-$O$103)^2+(P94-$P$103)^2+(Q94-$Q$103)^2+(R94-$R$103)^2+(S94-$S$103)^2 -> 0.21780004 | AB94: =(1/Z94) / ((1/Z94) + (1/AA94)) -> 0.46457249 | AC94: =1 - AB94 -> 0.53542751 | AE94: =IF(AB94 > AC94, 1, 2) -> 2 | AF94: =(VALUE(IF(OR(AND(AE94=2, K94="SEDANG"), AND(AE94=1, K94="TIDAK SEHAT")), 1, 0)))*1 -> 1
A95: 202210 | B95: 44835 | C95: 80 | D95: 128 | E95: 52 | F95: 14 | G95: 39 | H95: 21 | I95: 128 | J95: PM2,5 | K95: TIDAK SEHAT | L95: DKI4 | N95: =(C95 - MIN(C$2:C$99)) / (MAX(C$2:C$99) - MIN(C$2:C$99)) -> 0.9137931 | O95: =(D95-MIN(D$2:D$99))/(MAX(D$2:D$99)-MIN(D$2:D$99)) -> 0.80952381 | P95: =(E95-MIN(E$2:E$99))/(MAX(E$2:E$99)-MIN(E$2:E$99)) -> 0.58333333 | Q95: =(F95-MIN(F$2:F$99))/(MAX(F$2:F$99)-MIN(F$2:F$99)) -> 0.26315789 | R95: =(G95-MIN(G$2:G$99))/(MAX(G$2:G$99)-MIN(G$2:G$99)) -> 0.13414634 | S95: =(H95-MIN(H$2:H$99))/(MAX(H$2:H$99)-MIN(H$2:H$99)) -> 0.25 | T95: =SUM(N95:S95) -> 2.9539545 | V95: 0.98 | W95: =1 - V95 -> 0.02 | X95: =V95^2 * N95 -> 0.8776069 | Y95: =W95^2 * N95 -> 0.00036551724 | Z95: =(N95-$N$102)^2 + (O95-$O$102)^2 + (P95-$P$102)^2 + (Q95-$Q$102)^2 + (R95-$R$102)^2 + (S95-$S$102)^2 -> 0.38371998 | AA95: =(N95-$N$103)^2+(O95-$O$103)^2+(P95-$P$103)^2+(Q95-$Q$103)^2+(R95-$R$103)^2+(S95-$S$103)^2 -> 0.28038897 | AB95: =(1/Z95) / ((1/Z95) + (1/AA95)) -> 0.42220327 | AC95: =1 - AB95 -> 0.57779673 | AE95: =IF(AB95 > AC95, 1, 2) -> 2 | AF95: =(VALUE(IF(OR(AND(AE95=2, K95="SEDANG"), AND(AE95=1, K95="TIDAK SEHAT")), 1, 0)))*1 -> 0
A96: 202210 | B96: 44861 | C96: 41 | D96: 66 | E96: 51 | F96: 18 | G96: 35 | H96: 27 | I96: 66 | J96: PM2,5 | K96: SEDANG | L96: DKI4 | N96: =(C96 - MIN(C$2:C$99)) / (MAX(C$2:C$99) - MIN(C$2:C$99)) -> 0.24137931 | O96: =(D96-MIN(D$2:D$99))/(MAX(D$2:D$99)-MIN(D$2:D$99)) -> 0.21904762 | P96: =(E96-MIN(E$2:E$99))/(MAX(E$2:E$99)-MIN(E$2:E$99)) -> 0.5 | Q96: =(F96-MIN(F$2:F$99))/(MAX(F$2:F$99)-MIN(F$2:F$99)) -> 0.47368421 | R96: =(G96-MIN(G$2:G$99))/(MAX(G$2:G$99)-MIN(G$2:G$99)) -> 0.1097561 | S96: =(H96-MIN(H$2:H$99))/(MAX(H$2:H$99)-MIN(H$2:H$99)) -> 0.4375 | T96: =SUM(N96:S96) -> 1.9813672 | V96: 0.99 | W96: =1 - V96 -> 0.01 | X96: =V96^2 * N96 -> 0.23657586 | Y96: =W96^2 * N96 -> 2.4137931e-05 | Z96: =(N96-$N$102)^2 + (O96-$O$102)^2 + (P96-$P$102)^2 + (Q96-$Q$102)^2 + (R96-$R$102)^2 + (S96-$S$102)^2 -> 0.1890977 | AA96: =(N96-$N$103)^2+(O96-$O$103)^2+(P96-$P$103)^2+(Q96-$Q$103)^2+(R96-$R$103)^2+(S96-$S$103)^2 -> 0.28511898 | AB96: =(1/Z96) / ((1/Z96) + (1/AA96)) -> 0.60124199 | AC96: =1 - AB96 -> 0.39875801 | AE96: =IF(AB96 > AC96, 1, 2) -> 1 | AF96: =(VALUE(IF(OR(AND(AE96=2, K96="SEDANG"), AND(AE96=1, K96="TIDAK SEHAT")), 1, 0)))*1 -> 0
A97: 202210 | B97: 44862 | C97: 54 | D97: 77 | E97: 51 | F97: 16 | G97: 33 | H97: 32 | I97: 77 | J97: PM2,5 | K97: SEDANG | L97: DKI4 | N97: =(C97 - MIN(C$2:C$99)) / (MAX(C$2:C$99) - MIN(C$2:C$99)) -> 0.46551724 | O97: =(D97-MIN(D$2:D$99))/(MAX(D$2:D$99)-MIN(D$2:D$99)) -> 0.32380952 | P97: =(E97-MIN(E$2:E$99))/(MAX(E$2:E$99)-MIN(E$2:E$99)) -> 0.5 | Q97: =(F97-MIN(F$2:F$99))/(MAX(F$2:F$99)-MIN(F$2:F$99)) -> 0.36842105 | R97: =(G97-MIN(G$2:G$99))/(MAX(G$2:G$99)-MIN(G$2:G$99)) -> 0.097560976 | S97: =(H97-MIN(H$2:H$99))/(MAX(H$2:H$99)-MIN(H$2:H$99)) -> 0.59375 | T97: =SUM(N97:S97) -> 2.3490588 | V97: 0.1 | W97: =1 - V97 -> 0.9 | X97: =V97^2 * N97 -> 0.0046551724 | Y97: =W97^2 * N97 -> 0.37706897 | Z97: =(N97-$N$102)^2 + (O97-$O$102)^2 + (P97-$P$102)^2 + (Q97-$Q$102)^2 + (R97-$R$102)^2 + (S97-$S$102)^2 -> 0.050051192 | AA97: =(N97-$N$103)^2+(O97-$O$103)^2+(P97-$P$103)^2+(Q97-$Q$103)^2+(R97-$R$103)^2+(S97-$S$103)^2 -> 0.13582966 | AB97: =(1/Z97) / ((1/Z97) + (1/AA97)) -> 0.73073508 | AC97: =1 - AB97 -> 0.26926492 | AE97: =IF(AB97 > AC97, 1, 2) -> 1 | AF97: =(VALUE(IF(OR(AND(AE97=2, K97="SEDANG"), AND(AE97=1, K97="TIDAK SEHAT")), 1, 0)))*1 -> 0
A98: 202210 | B98: 44863 | C98: 53 | D98: 86 | E98: 51 | F98: 15 | G98: 41 | H98: 29 | I98: 86 | J98: PM2,5 | K98: SEDANG | L98: DKI4 | N98: =(C98 - MIN(C$2:C$99)) / (MAX(C$2:C$99) - MIN(C$2:C$99)) -> 0.44827586 | O98: =(D98-MIN(D$2:D$99))/(MAX(D$2:D$99)-MIN(D$2:D$99)) -> 0.40952381 | P98: =(E98-MIN(E$2:E$99))/(MAX(E$2:E$99)-MIN(E$2:E$99)) -> 0.5 | Q98: =(F98-MIN(F$2:F$99))/(MAX(F$2:F$99)-MIN(F$2:F$99)) -> 0.31578947 | R98: =(G98-MIN(G$2:G$99))/(MAX(G$2:G$99)-MIN(G$2:G$99)) -> 0.14634146 | S98: =(H98-MIN(H$2:H$99))/(MAX(H$2:H$99)-MIN(H$2:H$99)) -> 0.5 | T98: =SUM(N98:S98) -> 2.3199306 | V98: 0.101 | W98: =1 - V98 -> 0.899 | X98: =V98^2 * N98 -> 0.0045728621 | Y98: =W98^2 * N98 -> 0.362297 | Z98: =(N98-$N$102)^2 + (O98-$O$102)^2 + (P98-$P$102)^2 + (Q98-$Q$102)^2 + (R98-$R$102)^2 + (S98-$S$102)^2 -> 0.0459229 | AA98: =(N98-$N$103)^2+(O98-$O$103)^2+(P98-$P$103)^2+(Q98-$Q$103)^2+(R98-$R$103)^2+(S98-$S$103)^2 -> 0.091316903 | AB98: =(1/Z98) / ((1/Z98) + (1/AA98)) -> 0.66538206 | AC98: =1 - AB98 -> 0.33461794 | AE98: =IF(AB98 > AC98, 1, 2) -> 1 | AF98: =(VALUE(IF(OR(AND(AE98=2, K98="SEDANG"), AND(AE98=1, K98="TIDAK SEHAT")), 1, 0)))*1 -> 0
T99: =SUM(AF2:AF51) / 98 -> 0.17346939 | AC99: =1 - AB99 -> 1
AG100: 30,61%
C102: =SUMPRODUCT(V2:V99, C2:C99) / SUM(V2:V99) -> 61.610943 | N102: =SUMPRODUCT($V$2:$V$99, $V$2:$V$99, N2:N99) / SUMPRODUCT($V$2:$V$99, $V$2:$V$99) -> 0.58027574 | O102: =SUMPRODUCT($V$2:$V$99, $V$2:$V$99, O2:O99) / SUMPRODUCT($V$2:$V$99, $V$2:$V$99) -> 0.45261775 | P102: =SUMPRODUCT($V$2:$V$99, $V$2:$V$99, P2:P99) / SUMPRODUCT($V$2:$V$99, $V$2:$V$99) -> 0.46590329 | Q102: =SUMPRODUCT($V$2:$V$99, $V$2:$V$99, Q2:Q99) / SUMPRODUCT($V$2:$V$99, $V$2:$V$99) -> 0.46209697 | R102: =SUMPRODUCT($V$2:$V$99, $V$2:$V$99, R2:R99) / SUMPRODUCT($V$2:$V$99, $V$2:$V$99) -> 0.18843054 | S102: =SUMPRODUCT($V$2:$V$99, $V$2:$V$99, S2:S99) / SUMPRODUCT($V$2:$V$99, $V$2:$V$99) -> 0.54797797 | T102: =SUMPRODUCT($V$2:$V$99, $V$2:$V$99, T2:T99) / SUMPRODUCT($V$2:$V$99, $V$2:$V$99) -> 2.6973023
N103: =SUMPRODUCT($W$2:$W$99, $W$2:$W$99, N2:N99) / SUMPRODUCT($W$2:$W$99, $W$2:$W$99) -> 0.64253461 | O103: =SUMPRODUCT($W$2:$W$99, $W$2:$W$99, O2:O99) / SUMPRODUCT($W$2:$W$99, $W$2:$W$99) -> 0.50769852 | P103: =SUMPRODUCT($W$2:$W$99, $W$2:$W$99, P2:P99) / SUMPRODUCT($W$2:$W$99, $W$2:$W$99) -> 0.42795496 | Q103: =SUMPRODUCT($W$2:$W$99, $W$2:$W$99, Q2:Q99) / SUMPRODUCT($W$2:$W$99, $W$2:$W$99) -> 0.43271842 | R103: =SUMPRODUCT($W$2:$W$99, $W$2:$W$99, R2:R99) / SUMPRODUCT($W$2:$W$99, $W$2:$W$99) -> 0.29408045 | S103: =SUMPRODUCT($W$2:$W$99, $W$2:$W$99, S2:S99) / SUMPRODUCT($W$2:$W$99, $W$2:$W$99) -> 0.44296935 | T103: =SUMPRODUCT($W$2:$W$99, $W$2:$W$99, T2:T99) / SUMPRODUCT($W$2:$W$99, $W$2:$W$99) -> 2.7479563

Sheet Sheet2
A1: periode_data | B1: tanggal | C1: pm_10 | D1: pm_duakomalima | E1: so2 | F1: co | G1: o3 | H1: no2 | I1: max | J1: critical | K1: categori | L1: lokasi_spku | N1: U1 | O1: U2 | P1: U1^2 | Q1: U2^2 | R1: Jarak D1 | S1: Jarak D2 | T1: F.Objektif | V1: (u1)^m | W1: (u2)^m | X1: (u1)^m.X | Y1: (u2)^m.X | Z1: d1^2 | AA1: d2^2 | AB1: u1 Baru | AC1: u2 Baru | AD1: Selisih | AF1: Label | AG1: Cek Kecocokan
A2: 202212 | B2: 44926.625 | C2: 54 | D2: 73 | E2: 56 | F2: 24 | G2: 23 | H2: 24 | I2: 73 | J2: PM2,5 | K2: SEDANG | L2: DKI4 | N2: =(C2-MIN(C$2:C$99))/(MAX(C$2:C$99)-MIN(C$2:C$99)) -> 0.46551724 | O2: =(D2-MIN(D$2:D$99))/(MAX(D$2:D$99)-MIN(D$2:D$99)) -> 0.28571429 | P2: =(E2-MIN(E$2:E$99))/(MAX(E$2:E$99)-MIN(E$2:E$99)) -> 0.91666667 | Q2: =(F2-MIN(F$2:F$99))/(MAX(F$2:F$99)-MIN(F$2:F$99)) -> 0.78947368 | R2: =(G2-MIN(G$2:G$99))/(MAX(G$2:G$99)-MIN(G$2:G$99)) -> 0.036585366 | S2: =(H2-MIN(H$2:H$99))/(MAX(H$2:H$99)-MIN(H$2:H$99)) -> 0.34375 | T2: =SUM(N2:S2) -> 2.8377072 | V2: =Sheet1!AB2^2 -> 0.31005271 | W2: =Sheet1!AC2^2 -> 0.19640517 | X2: =V2 * C2 -> 16.742846 | Y2: =W2 * N2 -> 0.091429994 | Z2: =(N2-N$102)^2 + (O2-O$102)^2 + (P2-P$102)^2 + (Q2-Q$102)^2 + (R2-R$102)^2 + (S2-S$102)^2 -> 0.39387293 | AA2: =(N2-N$103)^2 + (O2-O$103)^2 + (P2-P$103)^2 + (Q2-Q$103)^2 + (R2-R$103)^2 + (S2-S$103)^2 -> 1.881388 | AB2: =(1/Z2) / ((1/Z2) + (1/AA2)) -> 0.82688889 | AC2: =1 - AB2 -> 0.17311111 | AD2: =ABS(AB2 - N2) -> 0.36137165 | AF2: =IF(AB3 > AC3, 1, 2) -> 1 | AG2: =IF(OR(AND(AF3=1, K3="SEDANG"), AND(AF3=2, K3="TIDAK SEHAT")), 1, 0) -> 1
A3: 202212 | B3: 44925 | C3: 40 | D3: 64 | E3: 57 | F3: 21 | G3: 17 | H3: 24 | I3: 64 | J3: PM2,5 | K3: SEDANG | L3: DKI4 | N3: =(C3-MIN(C$2:C$99))/(MAX(C$2:C$99)-MIN(C$2:C$99)) -> 0.22413793 | O3: =(D3-MIN(D$2:D$99))/(MAX(D$2:D$99)-MIN(D$2:D$99)) -> 0.2 | P3: =(E3-MIN(E$2:E$99))/(MAX(E$2:E$99)-MIN(E$2:E$99)) -> 1 | Q3: =(F3-MIN(F$2:F$99))/(MAX(F$2:F$99)-MIN(F$2:F$99)) -> 0.63157895 | R3: =(G3-MIN(G$2:G$99))/(MAX(G$2:G$99)-MIN(G$2:G$99)) -> 0 | S3: =(H3-MIN(H$2:H$99))/(MAX(H$2:H$99)-MIN(H$2:H$99)) -> 0.34375 | T3: =SUM(N3:S3) -> 2.3994669 | V3: =Sheet1!AB3^2 -> 0.31072358 | W3: =Sheet1!AC3^2 -> 0.19587188 | X3: =V3 * C3 -> 12.428943 | Y3: =W3 * N3 -> 0.043902317 | Z3: =(N3-N$102)^2 + (O3-O$102)^2 + (P3-P$102)^2 + (Q3-Q$102)^2 + (R3-R$102)^2 + (S3-S$102)^2 -> 0.55702828 | AA3: =(N3-N$103)^2 + (O3-O$103)^2 + (P3-P$103)^2 + (Q3-Q$103)^2 + (R3-R$103)^2 + (S3-S$103)^2 -> 1.6072938 | AB3: =(1/Z3) / ((1/Z3) + (1/AA3)) -> 0.74263153 | AC3: =1 - AB3 -> 0.25736847 | AD3: =ABS(AB3 - N3) -> 0.51849359 | AF3: =IF(AB4 > AC4, 1, 2) -> 1 | AG3: =IF(OR(AND(AF4=1, K4="SEDANG"), AND(AF4=2, K4="TIDAK SEHAT")), 1, 0) -> 0
A4: 202207 | B4: 44748 | C4: 75 | D4: 129 | E4: 45 | F4: 25 | G4: 71 | H4: 26 | I4: 129 | J4: PM2,5 | K4: TIDAK SEHAT | L4: DKI4 | N4: =(C4-MIN(C$2:C$99))/(MAX(C$2:C$99)-MIN(C$2:C$99)) -> 0.82758621 | O4: =(D4-MIN(D$2:D$99))/(MAX(D$2:D$99)-MIN(D$2:D$99)) -> 0.81904762 | P4: =(E4-MIN(E$2:E$99))/(MAX(E$2:E$99)-MIN(E$2:E$99)) -> 0 | Q4: =(F4-MIN(F$2:F$99))/(MAX(F$2:F$99)-MIN(F$2:F$99)) -> 0.84210526 | R4: =(G4-MIN(G$2:G$99))/(MAX(G$2:G$99)-MIN(G$2:G$99)) -> 0.32926829 | S4: =(H4-MIN(H$2:H$99))/(MAX(H$2:H$99)-MIN(H$2:H$99)) -> 0.40625 | T4: =SUM(N4:S4) -> 3.2242574 | V4: =Sheet1!AB4^2 -> 0.2007635 | W4: =Sheet1!AC4^2 -> 0.3046307 | X4: =V4 * C4 -> 15.057262 | Y4: =W4 * N4 -> 0.25210816 | Z4: =(N4-N$102)^2 + (O4-O$102)^2 + (P4-P$102)^2 + (Q4-Q$102)^2 + (R4-R$102)^2 + (S4-S$102)^2 -> 0.63491724 | AA4: =(N4-N$103)^2 + (O4-O$103)^2 + (P4-P$103)^2 + (Q4-Q$103)^2 + (R4-R$103)^2 + (S4-S$103)^2 -> 2.3383359 | AB4: =(1/Z4) / ((1/Z4) + (1/AA4)) -> 0.78645705 | AC4: =1 - AB4 -> 0.21354295 | AD4: =ABS(AB4 - N4) -> 0.041129156 | AF4: =IF(AB5 > AC5, 1, 2) -> 1 | AG4: =IF(OR(AND(AF5=1, K5="SEDANG"), AND(AF5=2, K5="TIDAK SEHAT")), 1, 0) -> 1
A5: 202207 | B5: 44747 | C5: 66 | D5: 110 | E5: 47 | F5: 16 | G5: 61 | H5: 23 | I5: 110 | J5: PM2,5 | K5: TIDAK SEHAT | L5: DKI4 | N5: =(C5-MIN(C$2:C$99))/(MAX(C$2:C$99)-MIN(C$2:C$99)) -> 0.67241379 | O5: =(D5-MIN(D$2:D$99))/(MAX(D$2:D$99)-MIN(D$2:D$99)) -> 0.63809524 | P5: =(E5-MIN(E$2:E$99))/(MAX(E$2:E$99)-MIN(E$2:E$99)) -> 0.16666667 | Q5: =(F5-MIN(F$2:F$99))/(MAX(F$2:F$99)-MIN(F$2:F$99)) -> 0.36842105 | R5: =(G5-MIN(G$2:G$99))/(MAX(G$2:G$99)-MIN(G$2:G$99)) -> 0.26829268 | S5: =(H5-MIN(H$2:H$99))/(MAX(H$2:H$99)-MIN(H$2:H$99)) -> 0.3125 | T5: =SUM(N5:S5) -> 2.4263894 | V5: =Sheet1!AB5^2 -> 0.12054973 | W5: =Sheet1!AC5^2 -> 0.42614429 | X5: =V5 * C5 -> 7.9562822 | Y5: =W5 * N5 -> 0.2865453 | Z5: =(N5-N$102)^2 + (O5-O$102)^2 + (P5-P$102)^2 + (Q5-Q$102)^2 + (R5-R$102)^2 + (S5-S$102)^2 -> 0.26629549 | AA5: =(N5-N$103)^2 + (O5-O$103)^2 + (P5-P$103)^2 + (Q5-Q$103)^2 + (R5-R$103)^2 + (S5-S$103)^2 -> 1.1924549 | AB5: =(1/Z5) / ((1/Z5) + (1/AA5)) -> 0.81744958 | AC5: =1 - AB5 -> 0.18255042 | AD5: =ABS(AB5 - N5) -> 0.14503579 | AF5: =IF(AB6 > AC6, 1, 2) -> 2 | AG5: =IF(OR(AND(AF6=1, K6="SEDANG"), AND(AF6=2, K6="TIDAK SEHAT")), 1, 0) -> 1
A6: 202207 | B6: 44746 | C6: 56 | D6: 78 | E6: 49 | F6: 11 | G6: 60 | H6: 13 | I6: 78 | J6: PM2,5 | K6: SEDANG | L6: DKI4 | N6: =(C6-MIN(C$2:C$99))/(MAX(C$2:C$99)-MIN(C$2:C$99)) -> 0.5 | O6: =(D6-MIN(D$2:D$99))/(MAX(D$2:D$99)-MIN(D$2:D$99)) -> 0.33333333 | P6: =(E6-MIN(E$2:E$99))/(MAX(E$2:E$99)-MIN(E$2:E$99)) -> 0.33333333 | Q6: =(F6-MIN(F$2:F$99))/(MAX(F$2:F$99)-MIN(F$2:F$99)) -> 0.10526316 | R6: =(G6-MIN(G$2:G$99))/(MAX(G$2:G$99)-MIN(G$2:G$99)) -> 0.26219512 | S6: =(H6-MIN(H$2:H$99))/(MAX(H$2:H$99)-MIN(H$2:H$99)) -> 0 | T6: =SUM(N6:S6) -> 1.5341249 | V6: =Sheet1!AB6^2 -> 0.1899785 | W6: =Sheet1!AC6^2 -> 0.31824803 | X6: =V6 * C6 -> 10.638796 | Y6: =W6 * N6 -> 0.15912402 | Z6: =(N6-N$102)^2 + (O6-O$102)^2 + (P6-P$102)^2 + (Q6-Q$102)^2 + (R6-R$102)^2 + (S6-S$102)^2 -> 0.56570796 | AA6: =(N6-N$103)^2 + (O6-O$103)^2 + (P6-P$103)^2 + (Q6-Q$103)^2 + (R6-R$103)^2 + (S6-S$103)^2 -> 0.55204884 | AB6: =(1/Z6) / ((1/Z6) + (1/AA6)) -> 0.49388994 | AC6: =1 - AB6 -> 0.50611006 | AD6: =ABS(AB6 - N6) -> 0.0061100607 | AF6: =IF(AB7 > AC7, 1, 2) -> 1 | AG6: =IF(OR(AND(AF7=1, K7="SEDANG"), AND(AF7=2, K7="TIDAK SEHAT")), 1, 0) -> 0
A7: 202207 | B7: 44745 | C7: 78 | D7: 126 | E7: 48 | F7: 17 | G7: 126 | H7: 25 | I7: 126 | J7: PM2,5 | K7: TIDAK SEHAT | L7: DKI2 | N7: =(C7-MIN(C$2:C$99))/(MAX(C$2:C$99)-MIN(C$2:C$99)) -> 0.87931034 | O7: =(D7-MIN(D$2:D$99))/(MAX(D$2:D$99)-MIN(D$2:D$99)) -> 0.79047619 | P7: =(E7-MIN(E$2:E$99))/(MAX(E$2:E$99)-MIN(E$2:E$99)) -> 0.25 | Q7: =(F7-MIN(F$2:F$99))/(MAX(F$2:F$99)-MIN(F$2:F$99)) -> 0.42105263 | R7: =(G7-MIN(G$2:G$99))/(MAX(G$2:G$99)-MIN(G$2:G$99)) -> 0.66463415 | S7: =(H7-MIN(H$2:H$99))/(MAX(H$2:H$99)-MIN(H$2:H$99)) -> 0.375 | T7: =SUM(N7:S7) -> 3.3804733 | V7: =Sheet1!AB7^2 -> 0.14328608 | W7: =Sheet1!AC7^2 -> 0.38622312 | X7: =V7 * C7 -> 11.176314 | Y7: =W7 * N7 -> 0.33960999 | Z7: =(N7-N$102)^2 + (O7-O$102)^2 + (P7-P$102)^2 + (Q7-Q$102)^2 + (R7-R$102)^2 + (S7-S$102)^2 -> 0.58493189 | AA7: =(N7-N$103)^2 + (O7-O$103)^2 + (P7-P$103)^2 + (Q7-Q$103)^2 + (R7-R$103)^2 + (S7-S$103)^2 -> 2.2201882 | AB7: =(1/Z7) / ((1/Z7) + (1/AA7)) -> 0.79147706 | AC7: =1 - AB7 -> 0.20852294 | AD7: =ABS(AB7 - N7) -> 0.087833288 | AF7: =IF(AB8 > AC8, 1, 2) -> 1 | AG7: =IF(OR(AND(AF8=1, K8="SEDANG"), AND(AF8=2, K8="TIDAK SEHAT")), 1, 0) -> 0
A8: 202207 | B8: 44744 | C8: 81 | D8: 137 | E8: 47 | F8: 18 | G8: 106 | H8: 29 | I8: 137 | J8: PM2,5 | K8: TIDAK SEHAT | L8: DKI4 | N8: =(C8-MIN(C$2:C$99))/(MAX(C$2:C$99)-MIN(C$2:C$99)) -> 0.93103448 | O8: =(D8-MIN(D$2:D$99))/(MAX(D$2:D$99)-MIN(D$2:D$99)) -> 0.8952381 | P8: =(E8-MIN(E$2:E$99))/(MAX(E$2:E$99)-MIN(E$2:E$99)) -> 0.16666667 | Q8: =(F8-MIN(F$2:F$99))/(MAX(F$2:F$99)-MIN(F$2:F$99)) -> 0.47368421 | R8: =(G8-MIN(G$2:G$99))/(MAX(G$2:G$99)-MIN(G$2:G$99)) -> 0.54268293 | S8: =(H8-MIN(H$2:H$99))/(MAX(H$2:H$99)-MIN(H$2:H$99)) -> 0.5 | T8: =SUM(N8:S8) -> 3.5093064 | V8: =Sheet1!AB8^2 -> 0.16578727 | W8: =Sheet1!AC8^2 -> 0.35144762 | X8: =V8 * C8 -> 13.428769 | Y8: =W8 * N8 -> 0.32720985 | Z8: =(N8-N$102)^2 + (O8-O$102)^2 + (P8-P$102)^2 + (Q8-Q$102)^2 + (R8-R$102)^2 + (S8-S$102)^2 -> 0.59893359 | AA8: =(N8-N$103)^2 + (O8-O$103)^2 + (P8-P$103)^2 + (Q8-Q$103)^2 + (R8-R$103)^2 + (S8-S$103)^2 -> 2.4649357 | AB8: =(1/Z8) / ((1/Z8) + (1/AA8)) -> 0.80451725 | AC8: =1 - AB8 -> 0.19548275 | AD8: =ABS(AB8 - N8) -> 0.12651723 | AF8: =IF(AB9 > AC9, 1, 2) -> 1 | AG8: =IF(OR(AND(AF9=1, K9="SEDANG"), AND(AF9=2, K9="TIDAK SEHAT")), 1, 0) -> 0
A9: 202208 | B9: 44774 | C9: 68 | D9: 109 | E9: 50 | F9: 12 | G9: 91 | H9: 19 | I9: 109 | J9: PM2,5 | K9: TIDAK SEHAT | L9: DKI4 | N9: =(C9-MIN(C$2:C$99))/(MAX(C$2:C$99)-MIN(C$2:C$99)) -> 0.70689655 | O9: =(D9-MIN(D$2:D$99))/(MAX(D$2:D$99)-MIN(D$2:D$99)) -> 0.62857143 | P9: =(E9-MIN(E$2:E$99))/(MAX(E$2:E$99)-MIN(E$2:E$99)) -> 0.41666667 | Q9: =(F9-MIN(F$2:F$99))/(MAX(F$2:F$99)-MIN(F$2:F$99)) -> 0.15789474 | R9: =(G9-MIN(G$2:G$99))/(MAX(G$2:G$99)-MIN(G$2:G$99)) -> 0.45121951 | S9: =(H9-MIN(H$2:H$99))/(MAX(H$2:H$99)-MIN(H$2:H$99)) -> 0.1875 | T9: =SUM(N9:S9) -> 2.5487489 | V9: =Sheet1!AB9^2 -> 0.1231701 | W9: =Sheet1!AC9^2 -> 0.42125814 | X9: =V9 * C9 -> 8.3755667 | Y9: =W9 * N9 -> 0.29778593 | Z9: =(N9-N$102)^2 + (O9-O$102)^2 + (P9-P$102)^2 + (Q9-Q$102)^2 + (R9-R$102)^2 + (S9-S$102)^2 -> 0.43377933 | AA9: =(N9-N$103)^2 + (O9-O$103)^2 + (P9-P$103)^2 + (Q9-Q$103)^2 + (R9-R$103)^2 + (S9-S$103)^2 -> 1.3321019 | AB9: =(1/Z9) / ((1/Z9) + (1/AA9)) -> 0.75435532 | AC9: =1 - AB9 -> 0.24564468 | AD9: =ABS(AB9 - N9) -> 0.047458772 | AF9: =IF(AB10 > AC10, 1, 2) -> 1 | AG9: =IF(OR(AND(AF10=1, K10="SEDANG"), AND(AF10=2, K10="TIDAK SEHAT")), 1, 0) -> 0
A10: 202208 | B10: 44804 | C10: 85 | D10: 148 | E10: 51 | F10: 25 | G10: 74 | H10: 37 | I10: 148 | J10: PM2,5 | K10: TIDAK SEHAT | L10: DKI4 | N10: =(C10-MIN(C$2:C$99))/(MAX(C$2:C$99)-MIN(C$2:C$99)) -> 1 | O10: =(D10-MIN(D$2:D$99))/(MAX(D$2:D$99)-MIN(D$2:D$99)) -> 1 | P10: =(E10-MIN(E$2:E$99))/(MAX(E$2:E$99)-MIN(E$2:E$99)) -> 0.5 | Q10: =(F10-MIN(F$2:F$99))/(MAX(F$2:F$99)-MIN(F$2:F$99)) -> 0.84210526 | R10: =(G10-MIN(G$2:G$99))/(MAX(G$2:G$99)-MIN(G$2:G$99)) -> 0.34756098 | S10: =(H10-MIN(H$2:H$99))/(MAX(H$2:H$99)-MIN(H$2:H$99)) -> 0.75 | T10: =SUM(N10:S10) -> 4.4396662 | V10: =Sheet1!AB10^2 -> 0.23245122 | W10: =Sheet1!AC10^2 -> 0.26818732 | X10: =V10 * C10 -> 19.758354 | Y10: =W10 * N10 -> 0.26818732 | Z10: =(N10-N$102)^2 + (O10-O$102)^2 + (P10-P$102)^2 + (Q10-Q$102)^2 + (R10-R$102)^2 + (S10-S$102)^2 -> 0.68518416 | AA10: =(N10-N$103)^2 + (O10-O$103)^2 + (P10-P$103)^2 + (Q10-Q$103)^2 + (R10-R$103)^2 + (S10-S$103)^2 -> 3.6424399 | AB10: =(1/Z10) / ((1/Z10) + (1/AA10)) -> 0.84167198 | AC10: =1 - AB10 -> 0.15832802 | AD10: =ABS(AB10 - N10) -> 0.15832802 | AF10: =IF(AB11 > AC11, 1, 2) -> 1 | AG10: =IF(OR(AND(AF11=1, K11="SEDANG"), AND(AF11=2, K11="TIDAK SEHAT")), 1, 0) -> 1
A11: 202208 | B11: 44803 | C11: 59 | D11: 84 | E11: 50 | F11: 15 | G11: 56 | H11: 29 | I11: 84 | J11: PM2,5 | K11: SEDANG | L11: DKI4 | N11: =(C11-MIN(C$2:C$99))/(MAX(C$2:C$99)-MIN(C$2:C$99)) -> 0.55172414 | O11: =(D11-MIN(D$2:D$99))/(MAX(D$2:D$99)-MIN(D$2:D$99)) -> 0.39047619 | P11: =(E11-MIN(E$2:E$99))/(MAX(E$2:E$99)-MIN(E$2:E$99)) -> 0.41666667 | Q11: =(F11-MIN(F$2:F$99))/(MAX(F$2:F$99)-MIN(F$2:F$99)) -> 0.31578947 | R11: =(G11-MIN(G$2:G$99))/(MAX(G$2:G$99)-MIN(G$2:G$99)) -> 0.23780488 | S11: =(H11-MIN(H$2:H$99))/(MAX(H$2:H$99)-MIN(H$2:H$99)) -> 0.5 | T11: =SUM(N11:S11) -> 2.4124613 | V11: =Sheet1!AB11^2 -> 0.3129015 | W11: =Sheet1!AC11^2 -> 0.19414952 | X11: =V11 * C11 -> 18.461188 | Y11: =W11 * N11 -> 0.10711698 | Z11: =(N11-N$102)^2 + (O11-O$102)^2 + (P11-P$102)^2 + (Q11-Q$102)^2 + (R11-R$102)^2 + (S11-S$102)^2 -> 0.054626965 | AA11: =(N11-N$103)^2 + (O11-O$103)^2 + (P11-P$103)^2 + (Q11-Q$103)^2 + (R11-R$103)^2 + (S11-S$103)^2 -> 1.0367564 | AB11: =(1/Z11) / ((1/Z11) + (1/AA11)) -> 0.94994704 | AC11: =1 - AB11 -> 0.050052956 | AD11: =ABS(AB11 - N11) -> 0.39822291 | AF11: =IF(AB12 > AC12, 1, 2) -> 1 | AG11: =IF(OR(AND(AF12=1, K12="SEDANG"), AND(AF12=2, K12="TIDAK SEHAT")), 1, 0) -> 1
A12: 202208 | B12: 44802 | C12: 58 | D12: 82 | E12: 49 | F12: 16 | G12: 55 | H12: 29 | I12: 82 | J12: PM2,5 | K12: SEDANG | L12: DKI4 | N12: =(C12-MIN(C$2:C$99))/(MAX(C$2:C$99)-MIN(C$2:C$99)) -> 0.53448276 | O12: =(D12-MIN(D$2:D$99))/(MAX(D$2:D$99)-MIN(D$2:D$99)) -> 0.37142857 | P12: =(E12-MIN(E$2:E$99))/(MAX(E$2:E$99)-MIN(E$2:E$99)) -> 0.33333333 | Q12: =(F12-MIN(F$2:F$99))/(MAX(F$2:F$99)-MIN(F$2:F$99)) -> 0.36842105 | R12: =(G12-MIN(G$2:G$99))/(MAX(G$2:G$99)-MIN(G$2:G$99)) -> 0.23170732 | S12: =(H12-MIN(H$2:H$99))/(MAX(H$2:H$99)-MIN(H$2:H$99)) -> 0.5 | T12: =SUM(N12:S12) -> 2.339373 | V12: =Sheet1!AB12^2 -> 0.31672329 | W12: =Sheet1!AC12^2 -> 0.19115981 | X12: =V12 * C12 -> 18.369951 | Y12: =W12 * N12 -> 0.10217162 | Z12: =(N12-N$102)^2 + (O12-O$102)^2 + (P12-P$102)^2 + (Q12-Q$102)^2 + (R12-R$102)^2 + (S12-S$102)^2 -> 0.057548171 | AA12: =(N12-N$103)^2 + (O12-O$103)^2 + (P12-P$103)^2 + (Q12-Q$103)^2 + (R12-R$103)^2 + (S12-S$103)^2 -> 0.97416447 | AB12: =(1/Z12) / ((1/Z12) + (1/AA12)) -> 0.94422074 | AC12: =1 - AB12 -> 0.055779264 | AD12: =ABS(AB12 - N12) -> 0.40973798 | AF12: =IF(AB13 > AC13, 1, 2) -> 1 | AG12: =IF(OR(AND(AF13=1, K13="SEDANG"), AND(AF13=2, K13="TIDAK SEHAT")), 1, 0) -> 1
A13: 202208 | B13: 44801 | C13: 64 | D13: 85 | E13: 49 | F13: 17 | G13: 56 | H13: 30 | I13: 85 | J13: PM2,5 | K13: SEDANG | L13: DKI5 | N13: =(C13-MIN(C$2:C$99))/(MAX(C$2:C$99)-MIN(C$2:C$99)) -> 0.63793103 | O13: =(D13-MIN(D$2:D$99))/(MAX(D$2:D$99)-MIN(D$2:D$99)) -> 0.4 | P13: =(E13-MIN(E$2:E$99))/(MAX(E$2:E$99)-MIN(E$2:E$99)) -> 0.33333333 | Q13: =(F13-MIN(F$2:F$99))/(MAX(F$2:F$99)-MIN(F$2:F$99)) -> 0.42105263 | R13: =(G13-MIN(G$2:G$99))/(MAX(G$2:G$99)-MIN(G$2:G$99)) -> 0.23780488 | S13: =(H13-MIN(H$2:H$99))/(MAX(H$2:H$99)-MIN(H$2:H$99)) -> 0.53125 | T13: =SUM(N13:S13) -> 2.5613719 | V13: =Sheet1!AB13^2 -> 0.28103923 | W13: =Sheet1!AC13^2 -> 0.22077657 | X13: =V13 * C13 -> 17.98651 | Y13: =W13 * N13 -> 0.14084022 | Z13: =(N13-N$102)^2 + (O13-O$102)^2 + (P13-P$102)^2 + (Q13-Q$102)^2 + (R13-R$102)^2 + (S13-S$102)^2 -> 0.043139763 | AA13: =(N13-N$103)^2 + (O13-O$103)^2 + (P13-P$103)^2 + (Q13-Q$103)^2 + (R13-R$103)^2 + (S13-S$103)^2 -> 1.1941302 | AB13: =(1/Z13) / ((1/Z13) + (1/AA13)) -> 0.9651331 | AC13: =1 - AB13 -> 0.034866897 | AD13: =ABS(AB13 - N13) -> 0.32720207 | AF13: =IF(AB14 > AC14, 1, 2) -> 1 | AG13: =IF(OR(AND(AF14=1, K14="SEDANG"), AND(AF14=2, K14="TIDAK SEHAT")), 1, 0) -> 0
... A98: 202210 | B98: 44863 | C98: 53 | D98: 86 | E98: 51 | F98: 15 | G98: 41 | H98: 29 | I98: 86 | J98: PM2,5 | K98: SEDANG | L98: DKI4 | N98: =(C98-MIN(C$2:C$99))/(MAX(C$2:C$99)-MIN(C$2:C$99)) -> 0.44827586 | O98: =(D98-MIN(D$2:D$99))/(MAX(D$2:D$99)-MIN(D$2:D$99)) -> 0.40952381 | P98: =(E98-MIN(E$2:E$99))/(MAX(E$2:E$99)-MIN(E$2:E$99)) -> 0.5 | Q98: =(F98-MIN(F$2:F$99))/(MAX(F$2:F$99)-MIN(F$2:F$99)) -> 0.31578947 | R98: =(G98-MIN(G$2:G$99))/(MAX(G$2:G$99)-MIN(G$2:G$99)) -> 0.14634146 | S98: =(H98-MIN(H$2:H$99))/(MAX(H$2:H$99)-MIN(H$2:H$99)) -> 0.5 | T98: =SUM(N98:S98) -> 2.3199306 | V98: =Sheet1!AB98^2 -> 0.44273329 | W98: =Sheet1!AC98^2 -> 0.11196917 | X98: =V98 * C98 -> 23.464864 | Y98: =W98 * N98 -> 0.050193074 | Z98: =(N98-N$102)^2 + (O98-O$102)^2 + (P98-P$102)^2 + (Q98-Q$102)^2 + (R98-R$102)^2 + (S98-S$102)^2 -> 0.060263043 | AA98: =(N98-N$103)^2 + (O98-O$103)^2 + (P98-P$103)^2 + (Q98-Q$103)^2 + (R98-R$103)^2 + (S98-S$103)^2 -> 0.98979981 | AB98: =(1/Z98) / ((1/Z98) + (1/AA98)) -> 0.94261006 | AC98: =1 - AB98 -> 0.057389939 | AD98: =ABS(AB98 - N98) -> 0.4943342 | AF98: =IF(AB99 > AC99, 1, 2) -> 2 | AG98: =IF(OR(AND(AF99=1, K99="SEDANG"), AND(AF99=2, K99="TIDAK SEHAT")), 1, 0) -> 0
AD99: =(SUMSQ(AB2:AB99) + SUMSQ(AC2:AC99)) / 98 -> 0.77341374 | AG99: =SUM(AG2:AG98) / 99 -> 0.60606061
C102: =SUM(X2:X99) / SUM(V2:V99) -> 61.00956 | N102: =SUMPRODUCT($V$2:$V$99, $V$2:$V$99, N2:N99) / SUMPRODUCT($V$2:$V$99, $V$2:$V$99) -> 0.56811257 | O102: =SUMPRODUCT($V$2:$V$99, $V$2:$V$99, O2:O99) / SUMPRODUCT($V$2:$V$99, $V$2:$V$99) -> 0.4272137 | P102: =SUMPRODUCT($V$2:$V$99, $V$2:$V$99, P2:P99) / SUMPRODUCT($V$2:$V$99, $V$2:$V$99) -> 0.47976989 | Q102: =SUMPRODUCT($V$2:$V$99, $V$2:$V$99, Q2:Q99) / SUMPRODUCT($V$2:$V$99, $V$2:$V$99) -> 0.49779307 | R102: =SUMPRODUCT($V$2:$V$99, $V$2:$V$99, R2:R99) / SUMPRODUCT($V$2:$V$99, $V$2:$V$99) -> 0.17104451 | S102: =SUMPRODUCT($V$2:$V$99, $V$2:$V$99, S2:S99) / SUMPRODUCT($V$2:$V$99, $V$2:$V$99) -> 0.60697882
C103: =SUM(Y2:Y99) / SUM(W2:W99) -> 0.6468285

Sheet Sheet3
A1: periode_data | B1: tanggal | C1: pm_10 | D1: pm_duakomalima | E1: so2 | F1: co | G1: o3 | H1: no2 | I1: max | J1: critical | K1: categori | L1: lokasi_spku | N1: U1 | O1: U2 | P1: U1^2 | Q1: U2^2 | R1: Jarak D1 | S1: Jarak D2 | T1: F.Objektif | V1: (u1)^m | W1: (u2)^m | X1: (u1)^m.X | Y1: (u2)^m.X | Z1: d1^2 | AA1: d2^2 | AB1: u1 Baru | AC1: u2 Baru | AD1: Selisih | AF1: Label | AG1: Cek kecocokan
A2: 202212 | B2: 44926.625 | C2: 54 | D2: 73 | E2: 56 | F2: 24 | G2: 23 | H2: 24 | I2: 73 | J2: PM2,5 | K2: SEDANG | L2: DKI4 | N2: =(C2-MIN(C$2:C$99))/(MAX(C$2:C$99)-MIN(C$2:C$99)) -> 0.46551724 | O2: =(D2-MIN(D$2:D$99))/(MAX(D$2:D$99)-MIN(D$2:D$99)) -> 0.28571429 | P2: =(E2-MIN(E$2:E$99))/(MAX(E$2:E$99)-MIN(E$2:E$99)) -> 0.91666667 | Q2: =(F2-MIN(F$2:F$99))/(MAX(F$2:F$99)-MIN(F$2:F$99)) -> 0.78947368 | R2: =(G2-MIN(G$2:G$99))/(MAX(G$2:G$99)-MIN(G$2:G$99)) -> 0.036585366 | S2: =(H2-MIN(H$2:H$99))/(MAX(H$2:H$99)-MIN(H$2:H$99)) -> 0.34375 | T2: =SUM(N2:S2) -> 2.8377072 | V2: =Sheet2!AB2^2 -> 0.68374524 | W2: =Sheet2!AC2^2 -> 0.029967455 | X2: =V2 * C2 -> 36.922243 | Y2: =W2 * C2 -> 1.6182426 | Z2: =(C2-59.49)^2+(D2-91.87)^2+(E2-47.26)^2+(F2-18.3)^2+(G2-63.54)^2+(H2-28.77)^2 -> 2161.3391 | AA2: =(C2-59.97)^2+(D2-93.18)^2+(E2-48.72)^2+(F2-18.4)^2+(G2-50.48)^2+(H2-28.96)^2 -> 1306.9837 | AB2: =IF(Z2=0,1,IF(AA2=0,0,(1/Z2)/((1/Z2)+(1/AA2)))) -> 0.3768345 | AC2: =1-AB2 -> 0.6231655 | AD2: =ABS(AB2 - Sheet2!AB2) -> 0.45005439 | AF2: =IF(AB2 > AC2, 1, 2) -> 2 | AG2: =IF(OR(AND(AF2=1, K2="SEDANG"), AND(AF2=2, K2="TIDAK SEHAT")), 1, 0) -> 0
A3: 202212 | B3: 44925 | C3: 40 | D3: 64 | E3: 57 | F3: 21 | G3: 17 | H3: 24 | I3: 64 | J3: PM2,5 | K3: SEDANG | L3: DKI4 | N3: =(C3-MIN(C$2:C$99))/(MAX(C$2:C$99)-MIN(C$2:C$99)) -> 0.22413793 | O3: =(D3-MIN(D$2:D$99))/(MAX(D$2:D$99)-MIN(D$2:D$99)) -> 0.2 | P3: =(E3-MIN(E$2:E$99))/(MAX(E$2:E$99)-MIN(E$2:E$99)) -> 1 | Q3: =(F3-MIN(F$2:F$99))/(MAX(F$2:F$99)-MIN(F$2:F$99)) -> 0.63157895 | R3: =(G3-MIN(G$2:G$99))/(MAX(G$2:G$99)-MIN(G$2:G$99)) -> 0 | S3: =(H3-MIN(H$2:H$99))/(MAX(H$2:H$99)-MIN(H$2:H$99)) -> 0.34375 | T3: =SUM(N3:S3) -> 2.3994669 | V3: =Sheet2!AB3^2 -> 0.55150158 | W3: =Sheet2!AC3^2 -> 0.066238532 | X3: =V3 * C3 -> 22.060063 | Y3: =W3 * C3 -> 2.6495413 | Z3: =(C3-59.49)^2+(D3-91.87)^2+(E3-47.26)^2+(F3-18.3)^2+(G3-63.54)^2+(H3-28.77)^2 -> 3447.4791 | AA3: =(C3-59.97)^2+(D3-93.18)^2+(E3-48.72)^2+(F3-18.4)^2+(G3-50.48)^2+(H3-28.96)^2 -> 2471.1037 | AB3: =IF(Z3=0,1,IF(AA3=0,0,(1/Z3)/((1/Z3)+(1/AA3)))) -> 0.41751612 | AC3: =1-AB3 -> 0.58248388 | AD3: =ABS(AB3 - Sheet2!AB3) -> 0.32511541 | AF3: =IF(AB3 > AC3, 1, 2) -> 2 | AG3: =IF(OR(AND(AF3=1, K3="SEDANG"), AND(AF3=2, K3="TIDAK SEHAT")), 1, 0) -> 0
A4: 202207 | B4: 44748 | C4: 75 | D4: 129 | E4: 45 | F4: 25 | G4: 71 | H4: 26 | I4: 129 | J4: PM2,5 | K4: TIDAK SEHAT | L4: DKI4 | N4: =(C4-MIN(C$2:C$99))/(MAX(C$2:C$99)-MIN(C$2:C$99)) -> 0.82758621 | O4: =(D4-MIN(D$2:D$99))/(MAX(D$2:D$99)-MIN(D$2:D$99)) -> 0.81904762 | P4: =(E4-MIN(E$2:E$99))/(MAX(E$2:E$99)-MIN(E$2:E$99)) -> 0 | Q4: =(F4-MIN(F$2:F$99))/(MAX(F$2:F$99)-MIN(F$2:F$99)) -> 0.84210526 | R4: =(G4-MIN(G$2:G$99))/(MAX(G$2:G$99)-MIN(G$2:G$99)) -> 0.32926829 | S4: =(H4-MIN(H$2:H$99))/(MAX(H$2:H$99)-MIN(H$2:H$99)) -> 0.40625 | T4: =SUM(N4:S4) -> 3.2242574 | V4: =Sheet2!AB4^2 -> 0.61851469 | W4: =Sheet2!AC4^2 -> 0.045600591 | X4: =V4 * C4 -> 46.388602 | Y4: =W4 * C4 -> 3.4200443 | Z4: =(C4-59.49)^2+(D4-91.87)^2+(E4-47.26)^2+(F4-18.3)^2+(G4-63.54)^2+(H4-28.77)^2 -> 1732.5191 | AA4: =(C4-59.97)^2+(D4-93.18)^2+(E4-48.72)^2+(F4-18.4)^2+(G4-50.48)^2+(H4-28.96)^2 -> 1996.2037 | AB4: =IF(Z4=0,1,IF(AA4=0,0,(1/Z4)/((1/Z4)+(1/AA4)))) -> 0.53535857 | AC4: =1-AB4 -> 0.46464143 | AD4: =ABS(AB4 - Sheet2!AB4) -> 0.25109848 | AF4: =IF(AB4 > AC4, 1, 2) -> 1 | AG4: =IF(OR(AND(AF4=1, K4="SEDANG"), AND(AF4=2, K4="TIDAK SEHAT")), 1, 0) -> 0
A5: 202207 | B5: 44747 | C5: 66 | D5: 110 | E5: 47 | F5: 16 | G5: 61 | H5: 23 | I5: 110 | J5: PM2,5 | K5: TIDAK SEHAT | L5: DKI4 | N5: =(C5-MIN(C$2:C$99))/(MAX(C$2:C$99)-MIN(C$2:C$99)) -> 0.67241379 | O5: =(D5-MIN(D$2:D$99))/(MAX(D$2:D$99)-MIN(D$2:D$99)) -> 0.63809524 | P5: =(E5-MIN(E$2:E$99))/(MAX(E$2:E$99)-MIN(E$2:E$99)) -> 0.16666667 | Q5: =(F5-MIN(F$2:F$99))/(MAX(F$2:F$99)-MIN(F$2:F$99)) -> 0.36842105 | R5: =(G5-MIN(G$2:G$99))/(MAX(G$2:G$99)-MIN(G$2:G$99)) -> 0.26829268 | S5: =(H5-MIN(H$2:H$99))/(MAX(H$2:H$99)-MIN(H$2:H$99)) -> 0.3125 | T5: =SUM(N5:S5) -> 2.4263894 | V5: =Sheet2!AB5^2 -> 0.66822382 | W5: =Sheet2!AC5^2 -> 0.033324655 | X5: =V5 * C5 -> 44.102772 | Y5: =W5 * C5 -> 2.1994272 | Z5: =(C5-59.49)^2+(D5-91.87)^2+(E5-47.26)^2+(F5-18.3)^2+(G5-63.54)^2+(H5-28.77)^2 -> 416.1791 | AA5: =(C5-59.97)^2+(D5-93.18)^2+(E5-48.72)^2+(F5-18.4)^2+(G5-50.48)^2+(H5-28.96)^2 -> 474.1837 | AB5: =IF(Z5=0,1,IF(AA5=0,0,(1/Z5)/((1/Z5)+(1/AA5)))) -> 0.53257358 | AC5: =1-AB5 -> 0.46742642 | AD5: =ABS(AB5 - Sheet2!AB5) -> 0.28487601 | AF5: =IF(AB5 > AC5, 1, 2) -> 1 | AG5: =IF(OR(AND(AF5=1, K5="SEDANG"), AND(AF5=2, K5="TIDAK SEHAT")), 1, 0) -> 0
A6: 202207 | B6: 44746 | C6: 56 | D6: 78 | E6: 49 | F6: 11 | G6: 60 | H6: 13 | I6: 78 | J6: PM2,5 | K6: SEDANG | L6: DKI4 | N6: =(C6-MIN(C$2:C$99))/(MAX(C$2:C$99)-MIN(C$2:C$99)) -> 0.5 | O6: =(D6-MIN(D$2:D$99))/(MAX(D$2:D$99)-MIN(D$2:D$99)) -> 0.33333333 | P6: =(E6-MIN(E$2:E$99))/(MAX(E$2:E$99)-MIN(E$2:E$99)) -> 0.33333333 | Q6: =(F6-MIN(F$2:F$99))/(MAX(F$2:F$99)-MIN(F$2:F$99)) -> 0.10526316 | R6: =(G6-MIN(G$2:G$99))/(MAX(G$2:G$99)-MIN(G$2:G$99)) -> 0.26219512 | S6: =(H6-MIN(H$2:H$99))/(MAX(H$2:H$99)-MIN(H$2:H$99)) -> 0 | T6: =SUM(N6:S6) -> 1.5341249 | V6: =Sheet2!AB6^2 -> 0.24392727 | W6: =Sheet2!AC6^2 -> 0.25614739 | X6: =V6 * C6 -> 13.659927 | Y6: =W6 * C6 -> 14.344254 | Z6: =(C6-59.49)^2+(D6-91.87)^2+(E6-47.26)^2+(F6-18.3)^2+(G6-63.54)^2+(H6-28.77)^2 -> 522.0991 | AA6: =(C6-59.97)^2+(D6-93.18)^2+(E6-48.72)^2+(F6-18.4)^2+(G6-50.48)^2+(H6-28.96)^2 -> 646.3837 | AB6: =IF(Z6=0,1,IF(AA6=0,0,(1/Z6)/((1/Z6)+(1/AA6)))) -> 0.55318204 | AC6: =1-AB6 -> 0.44681796 | AD6: =ABS(AB6 - Sheet2!AB6) -> 0.059292102 | AF6: =IF(AB6 > AC6, 1, 2) -> 1 | AG6: =IF(OR(AND(AF6=1, K6="SEDANG"), AND(AF6=2, K6="TIDAK SEHAT")), 1, 0) -> 1
A7: 202207 | B7: 44745 | C7: 78 | D7: 126 | E7: 48 | F7: 17 | G7: 126 | H7: 25 | I7: 126 | J7: PM2,5 | K7: TIDAK SEHAT | L7: DKI2 | N7: =(C7-MIN(C$2:C$99))/(MAX(C$2:C$99)-MIN(C$2:C$99)) -> 0.87931034 | O7: =(D7-MIN(D$2:D$99))/(MAX(D$2:D$99)-MIN(D$2:D$99)) -> 0.79047619 | P7: =(E7-MIN(E$2:E$99))/(MAX(E$2:E$99)-MIN(E$2:E$99)) -> 0.25 | Q7: =(F7-MIN(F$2:F$99))/(MAX(F$2:F$99)-MIN(F$2:F$99)) -> 0.42105263 | R7: =(G7-MIN(G$2:G$99))/(MAX(G$2:G$99)-MIN(G$2:G$99)) -> 0.66463415 | S7: =(H7-MIN(H$2:H$99))/(MAX(H$2:H$99)-MIN(H$2:H$99)) -> 0.375 | T7: =SUM(N7:S7) -> 3.3804733 | V7: =Sheet2!AB7^2 -> 0.62643593 | W7: =Sheet2!AC7^2 -> 0.043481818 | X7: =V7 * C7 -> 48.862003 | Y7: =W7 * C7 -> 3.3915818 | Z7: =(C7-59.49)^2+(D7-91.87)^2+(E7-47.26)^2+(F7-18.3)^2+(G7-63.54)^2+(H7-28.77)^2 -> 5425.1791 | AA7: =(C7-59.97)^2+(D7-93.18)^2+(E7-48.72)^2+(F7-18.4)^2+(G7-50.48)^2+(H7-28.96)^2 -> 7123.6637 | AB7: =IF(Z7=0,1,IF(AA7=0,0,(1/Z7)/((1/Z7)+(1/AA7)))) -> 0.56767495 | AC7: =1-AB7 -> 0.43232505 | AD7: =ABS(AB7 - Sheet2!AB7) -> 0.22380211 | AF7: =IF(AB7 > AC7, 1, 2) -> 1 | AG7: =IF(OR(AND(AF7=1, K7="SEDANG"), AND(AF7=2, K7="TIDAK SEHAT")), 1, 0) -> 0
A8: 202207 | B8: 44744 | C8: 81 | D8: 137 | E8: 47 | F8: 18 | G8: 106 | H8: 29 | I8: 137 | J8: PM2,5 | K8: TIDAK SEHAT | L8: DKI4 | N8: =(C8-MIN(C$2:C$99))/(MAX(C$2:C$99)-MIN(C$2:C$99)) -> 0.93103448 | O8: =(D8-MIN(D$2:D$99))/(MAX(D$2:D$99)-MIN(D$2:D$99)) -> 0.8952381 | P8: =(E8-MIN(E$2:E$99))/(MAX(E$2:E$99)-MIN(E$2:E$99)) -> 0.16666667 | Q8: =(F8-MIN(F$2:F$99))/(MAX(F$2:F$99)-MIN(F$2:F$99)) -> 0.47368421 | R8: =(G8-MIN(G$2:G$99))/(MAX(G$2:G$99)-MIN(G$2:G$99)) -> 0.54268293 | S8: =(H8-MIN(H$2:H$99))/(MAX(H$2:H$99)-MIN(H$2:H$99)) -> 0.5 | T8: =SUM(N8:S8) -> 3.5093064 | V8: =Sheet2!AB8^2 -> 0.64724801 | W8: =Sheet2!AC8^2 -> 0.038213505 | X8: =V8 * C8 -> 52.427089 | Y8: =W8 * C8 -> 3.0952939 | Z8: =(C8-59.49)^2+(D8-91.87)^2+(E8-47.26)^2+(F8-18.3)^2+(G8-63.54)^2+(H8-28.77)^2 -> 4302.4591 | AA8: =(C8-59.97)^2+(D8-93.18)^2+(E8-48.72)^2+(F8-18.4)^2+(G8-50.48)^2+(H8-28.96)^2 -> 5448.0437 | AB8: =IF(Z8=0,1,IF(AA8=0,0,(1/Z8)/((1/Z8)+(1/AA8)))) -> 0.5587449 | AC8: =1-AB8 -> 0.4412551 | AD8: =ABS(AB8 - Sheet2!AB8) -> 0.24577235 | AF8: =IF(AB8 > AC8, 1, 2) -> 1 | AG8: =IF(OR(AND(AF8=1, K8="SEDANG"), AND(AF8=2, K8="TIDAK SEHAT")), 1, 0) -> 0
A9: 202208 | B9: 44774 | C9: 68 | D9: 109 | E9: 50 | F9: 12 | G9: 91 | H9: 19 | I9: 109 | J9: PM2,5 | K9: TIDAK SEHAT | L9: DKI4 | N9: =(C9-MIN(C$2:C$99))/(MAX(C$2:C$99)-MIN(C$2:C$99)) -> 0.70689655 | O9: =(D9-MIN(D$2:D$99))/(MAX(D$2:D$99)-MIN(D$2:D$99)) -> 0.62857143 | P9: =(E9-MIN(E$2:E$99))/(MAX(E$2:E$99)-MIN(E$2:E$99)) -> 0.41666667 | Q9: =(F9-MIN(F$2:F$99))/(MAX(F$2:F$99)-MIN(F$2:F$99)) -> 0.15789474 | R9: =(G9-MIN(G$2:G$99))/(MAX(G$2:G$99)-MIN(G$2:G$99)) -> 0.45121951 | S9: =(H9-MIN(H$2:H$99))/(MAX(H$2:H$99)-MIN(H$2:H$99)) -> 0.1875 | T9: =SUM(N9:S9) -> 2.5487489 | V9: =Sheet2!AB9^2 -> 0.56905195 | W9: =Sheet2!AC9^2 -> 0.060341307 | X9: =V9 * C9 -> 38.695533 | Y9: =W9 * C9 -> 4.1032089 | Z9: =(C9-59.49)^2+(D9-91.87)^2+(E9-47.26)^2+(F9-18.3)^2+(G9-63.54)^2+(H9-28.77)^2 -> 1262.5591 | AA9: =(C9-59.97)^2+(D9-93.18)^2+(E9-48.72)^2+(F9-18.4)^2+(G9-50.48)^2+(H9-28.96)^2 -> 2098.4237 | AB9: =IF(Z9=0,1,IF(AA9=0,0,(1/Z9)/((1/Z9)+(1/AA9)))) -> 0.62434824 | AC9: =1-AB9 -> 0.37565176 | AD9: =ABS(AB9 - Sheet2!AB9) -> 0.13000708 | AF9: =IF(AB9 > AC9, 1, 2) -> 1 | AG9: =IF(OR(AND(AF9=1, K9="SEDANG"), AND(AF9=2, K9="TIDAK SEHAT")), 1, 0) -> 0
A10: 202208 | B10: 44804 | C10: 85 | D10: 148 | E10: 51 | F10: 25 | G10: 74 | H10: 37 | I10: 148 | J10: PM2,5 | K10: TIDAK SEHAT | L10: DKI4 | N10: =(C10-MIN(C$2:C$99))/(MAX(C$2:C$99)-MIN(C$2:C$99)) -> 1 | O10: =(D10-MIN(D$2:D$99))/(MAX(D$2:D$99)-MIN(D$2:D$99)) -> 1 | P10: =(E10-MIN(E$2:E$99))/(MAX(E$2:E$99)-MIN(E$2:E$99)) -> 0.5 | Q10: =(F10-MIN(F$2:F$99))/(MAX(F$2:F$99)-MIN(F$2:F$99)) -> 0.84210526 | R10: =(G10-MIN(G$2:G$99))/(MAX(G$2:G$99)-MIN(G$2:G$99)) -> 0.34756098 | S10: =(H10-MIN(H$2:H$99))/(MAX(H$2:H$99)-MIN(H$2:H$99)) -> 0.75 | T10: =SUM(N10:S10) -> 4.4396662 | V10: =Sheet2!AB10^2 -> 0.70841172 | W10: =Sheet2!AC10^2 -> 0.025067763 | X10: =V10 * C10 -> 60.214996 | Y10: =W10 * C10 -> 2.1307598 | Z10: =(C10-59.49)^2+(D10-91.87)^2+(E10-47.26)^2+(F10-18.3)^2+(G10-63.54)^2+(H10-28.77)^2 -> 4037.3591 | AA10: =(C10-59.97)^2+(D10-93.18)^2+(E10-48.72)^2+(F10-18.4)^2+(G10-50.48)^2+(H10-28.96)^2 -> 4298.3237 | AB10: =IF(Z10=0,1,IF(AA10=0,0,(1/Z10)/((1/Z10)+(1/AA10)))) -> 0.51565346 | AC10: =1-AB10 -> 0.48434654 | AD10: =ABS(AB10 - Sheet2!AB10) -> 0.32601851 | AF10: =IF(AB10 > AC10, 1, 2) -> 1 | AG10: =IF(OR(AND(AF10=1, K10="SEDANG"), AND(AF10=2, K10="TIDAK SEHAT")), 1, 0) -> 0
A11: 202208 | B11: 44803 | C11: 59 | D11: 84 | E11: 50 | F11: 15 | G11: 56 | H11: 29 | I11: 84 | J11: PM2,5 | K11: SEDANG | L11: DKI4 | N11: =(C11-MIN(C$2:C$99))/(MAX(C$2:C$99)-MIN(C$2:C$99)) -> 0.55172414 | O11: =(D11-MIN(D$2:D$99))/(MAX(D$2:D$99)-MIN(D$2:D$99)) -> 0.39047619 | P11: =(E11-MIN(E$2:E$99))/(MAX(E$2:E$99)-MIN(E$2:E$99)) -> 0.41666667 | Q11: =(F11-MIN(F$2:F$99))/(MAX(F$2:F$99)-MIN(F$2:F$99)) -> 0.31578947 | R11: =(G11-MIN(G$2:G$99))/(MAX(G$2:G$99)-MIN(G$2:G$99)) -> 0.23780488 | S11: =(H11-MIN(H$2:H$99))/(MAX(H$2:H$99)-MIN(H$2:H$99)) -> 0.5 | T11: =SUM(N11:S11) -> 2.4124613 | V11: =Sheet2!AB11^2 -> 0.90239939 | W11: =Sheet2!AC11^2 -> 0.0025052984 | X11: =V11 * C11 -> 53.241564 | Y11: =W11 * C11 -> 0.1478126 | Z11: =(C11-59.49)^2+(D11-91.87)^2+(E11-47.26)^2+(F11-18.3)^2+(G11-63.54)^2+(H11-28.77)^2 -> 137.4791 | AA11: =(C11-59.97)^2+(D11-93.18)^2+(E11-48.72)^2+(F11-18.4)^2+(G11-50.48)^2+(H11-28.96)^2 -> 128.8837 | AB11: =IF(Z11=0,1,IF(AA11=0,0,(1/Z11)/((1/Z11)+(1/AA11)))) -> 0.48386524 | AC11: =1-AB11 -> 0.51613476 | AD11: =ABS(AB11 - Sheet2!AB11) -> 0.46608181 | AF11: =IF(AB11 > AC11, 1, 2) -> 2 | AG11: =IF(OR(AND(AF11=1, K11="SEDANG"), AND(AF11=2, K11="TIDAK SEHAT")), 1, 0) -> 0
A12: 202208 | B12: 44802 | C12: 58 | D12: 82 | E12: 49 | F12: 16 | G12: 55 | H12: 29 | I12: 82 | J12: PM2,5 | K12: SEDANG | L12: DKI4 | N12: =(C12-MIN(C$2:C$99))/(MAX(C$2:C$99)-MIN(C$2:C$99)) -> 0.53448276 | O12: =(D12-MIN(D$2:D$99))/(MAX(D$2:D$99)-MIN(D$2:D$99)) -> 0.37142857 | P12: =(E12-MIN(E$2:E$99))/(MAX(E$2:E$99)-MIN(E$2:E$99)) -> 0.33333333 | Q12: =(F12-MIN(F$2:F$99))/(MAX(F$2:F$99)-MIN(F$2:F$99)) -> 0.36842105 | R12: =(G12-MIN(G$2:G$99))/(MAX(G$2:G$99)-MIN(G$2:G$99)) -> 0.23170732 | S12: =(H12-MIN(H$2:H$99))/(MAX(H$2:H$99)-MIN(H$2:H$99)) -> 0.5 | T12: =SUM(N12:S12) -> 2.339373 | V12: =Sheet2!AB12^2 -> 0.8915528 | W12: =Sheet2!AC12^2 -> 0.0031113263 | X12: =V12 * C12 -> 51.710062 | Y12: =W12 * C12 -> 0.18045692 | Z12: =(C12-59.49)^2+(D12-91.87)^2+(E12-47.26)^2+(F12-18.3)^2+(G12-63.54)^2+(H12-28.77)^2 -> 180.9391 | AA12: =(C12-59.97)^2+(D12-93.18)^2+(E12-48.72)^2+(F12-18.4)^2+(G12-50.48)^2+(H12-28.96)^2 -> 155.1437 | AB12: =IF(Z12=0,1,IF(AA12=0,0,(1/Z12)/((1/Z12)+(1/AA12)))) -> 0.46162345 | AC12: =1-AB12 -> 0.53837655 | AD12: =ABS(AB12 - Sheet2!AB12) -> 0.48259729 | AF12: =IF(AB12 > AC12, 1, 2) -> 2 | AG12: =IF(OR(AND(AF12=1, K12="SEDANG"), AND(AF12=2, K12="TIDAK SEHAT")), 1, 0) -> 0
A13: 202208 | B13: 44801 | C13: 64 | D13: 85 | E13: 49 | F13: 17 | G13: 56 | H13: 30 | I13: 85 | J13: PM2,5 | K13: SEDANG | L13: DKI5 | N13: =(C13-MIN(C$2:C$99))/(MAX(C$2:C$99)-MIN(C$2:C$99)) -> 0.63793103 | O13: =(D13-MIN(D$2:D$99))/(MAX(D$2:D$99)-MIN(D$2:D$99)) -> 0.4 | P13: =(E13-MIN(E$2:E$99))/(MAX(E$2:E$99)-MIN(E$2:E$99)) -> 0.33333333 | Q13: =(F13-MIN(F$2:F$99))/(MAX(F$2:F$99)-MIN(F$2:F$99)) -> 0.42105263 | R13: =(G13-MIN(G$2:G$99))/(MAX(G$2:G$99)-MIN(G$2:G$99)) -> 0.23780488 | S13: =(H13-MIN(H$2:H$99))/(MAX(H$2:H$99)-MIN(H$2:H$99)) -> 0.53125 | T13: =SUM(N13:S13) -> 2.5613719 | V13: =Sheet2!AB13^2 -> 0.93148191 | W13: =Sheet2!AC13^2 -> 0.0012157005 | X13: =V13 * C13 -> 59.614842 | Y13: =W13 * C13 -> 0.077804834 | Z13: =(C13-59.49)^2+(D13-91.87)^2+(E13-47.26)^2+(F13-18.3)^2+(G13-63.54)^2+(H13-28.77)^2 -> 130.6191 | AA13: =(C13-59.97)^2+(D13-93.18)^2+(E13-48.72)^2+(F13-18.4)^2+(G13-50.48)^2+(H13-28.96)^2 -> 116.7437 | AB13: =IF(Z13=0,1,IF(AA13=0,0,(1/Z13)/((1/Z13)+(1/AA13)))) -> 0.47195334 | AC13: =1-AB13 -> 0.52804666 | AD13: =ABS(AB13 - Sheet2!AB13) -> 0.49317976 | AF13: =IF(AB13 > AC13, 1, 2) -> 2 | AG13: =IF(OR(AND(AF13=1, K13="SEDANG"), AND(AF13=2, K13="TIDAK SEHAT")), 1, 0) -> 0
... A98: 202210 | B98: 44863 | C98: 53 | D98: 86 | E98: 51 | F98: 15 | G98: 41 | H98: 29 | I98: 86 | J98: PM2,5 | K98: SEDANG | L98: DKI4 | N98: =(C98-MIN(C$2:C$99))/(MAX(C$2:C$99)-MIN(C$2:C$99)) -> 0.44827586 | O98: =(D98-MIN(D$2:D$99))/(MAX(D$2:D$99)-MIN(D$2:D$99)) -> 0.40952381 | P98: =(E98-MIN(E$2:E$99))/(MAX(E$2:E$99)-MIN(E$2:E$99)) -> 0.5 | Q98: =(F98-MIN(F$2:F$99))/(MAX(F$2:F$99)-MIN(F$2:F$99)) -> 0.31578947 | R98: =(G98-MIN(G$2:G$99))/(MAX(G$2:G$99)-MIN(G$2:G$99)) -> 0.14634146 | S98: =(H98-MIN(H$2:H$99))/(MAX(H$2:H$99)-MIN(H$2:H$99)) -> 0.5 | T98: =SUM(N98:S98) -> 2.3199306 | V98: =Sheet2!AB98^2 -> 0.88851373 | W98: =Sheet2!AC98^2 -> 0.0032936051 | X98: =V98 * C98 -> 47.091228 | Y98: =W98 * C98 -> 0.17456107 | Z98: =(C98-59.49)^2+(D98-91.87)^2+(E98-47.26)^2+(F98-18.3)^2+(G98-63.54)^2+(H98-28.77)^2 -> 609.5591 | AA98: =(C98-59.97)^2+(D98-93.18)^2+(E98-48.72)^2+(F98-18.4)^2+(G98-50.48)^2+(H98-28.96)^2 -> 206.7637 | AB98: =IF(Z98=0,1,IF(AA98=0,0,(1/Z98)/((1/Z98)+(1/AA98)))) -> 0.25328669 | AC98: =1-AB98 -> 0.74671331 | AD98: =ABS(AB98 - Sheet2!AB98) -> 0.68932337 | AF98: =IF(AB98 > AC98, 1, 2) -> 2 | AG98: =IF(OR(AND(AF98=1, K98="SEDANG"), AND(AF98=2, K98="TIDAK SEHAT")), 1, 0) -> 0
AD99: =(SUMSQ(AB2:AB99) + SUMSQ(AC2:AC99)) / 98 -> 0.54131407 | AF99: =IF(AB99 > AC99, 1, 2) -> 2 | AG99: =IF(OR(AND(AF99=1, K99="SEDANG"), AND(AF99=2, K99="TIDAK SEHAT")), 1, 0) -> 0
AG101: =SUM(AG2:AG99) / 98 -> 0.30612245

Sheet Sheet4
A1: periode_data | B1: tanggal | C1: pm_10 | D1: pm_duakomalima | E1: so2 | F1: co | G1: o3 | H1: no2 | I1: max | J1: critical | K1: categori | L1: lokasi_spku | N1: U1 | O1: U2 | P1: U1^2 | Q1: U2^2 | R1: Jarak D1 | S1: Jarak D2 | T1: F.Objektif | V1: (u1)^m | W1: (u2)^m | X1: (u1)^m.X | Y1: (u2)^m.X | Z1: d1^2 | AA1: d2^2 | AB1: u1 Baru | AC1: u2 Baru | AD1: Selisih | AF1: Label | AG1: Cek kecocokan
A2: 202212 | B2: 44926.625 | C2: 54 | D2: 73 | E2: 56 | F2: 24 | G2: 23 | H2: 24 | I2: 73 | J2: PM2,5 | K2: SEDANG | L2: DKI4 | N2: =(C2-MIN(C$2:C$99))/(MAX(C$2:C$99)-MIN(C$2:C$99)) -> 0.46551724 | O2: =(D2-MIN(D$2:D$99))/(MAX(D$2:D$99)-MIN(D$2:D$99)) -> 0.28571429 | P2: =(E2-MIN(E$2:E$99))/(MAX(E$2:E$99)-MIN(E$2:E$99)) -> 0.91666667 | Q2: =(F2-MIN(F$2:F$99))/(MAX(F$2:F$99)-MIN(F$2:F$99)) -> 0.78947368 | R2: =(G2-MIN(G$2:G$99))/(MAX(G$2:G$99)-MIN(G$2:G$99)) -> 0.036585366 | S2: =(H2-MIN(H$2:H$99))/(MAX(H$2:H$99)-MIN(H$2:H$99)) -> 0.34375 | T2: =SUM(N2:S2) -> 2.8377072 | V2: =Sheet3!AB2^2 -> 0.14200424 | W2: =Sheet3!AC2^2 -> 0.38833524 | X2: =V2 * C2 -> 7.6682291 | Y2: =W2 * C2 -> 20.970103 | Z2: =(C2 - 63.12)^2 + (D2 - 93.55)^2 + (E2 - 50.11)^2 + (F2 - 16.32)^2 + (G2 - 56.48)^2 + (H2 - 26.71)^2 -> 1727.4059 | AA2: =(C2 - 70.45)^2 + (D2 - 109.21)^2 + (E2 - 49.52)^2 + (F2 - 17.48)^2 + (G2 - 89.33)^2 + (H2 - 26.12)^2 -> 6070.4307 | AB2: =(1/Z2) / ((1/Z2) + (1/AA2)) -> 0.77847626 | AC2: =1 - AB2 -> 0.22152374 | AD2: =ABS(AB2 - Sheet3!AB2) -> 0.40164176 | AF2: =IF(AB2 > AC2, 1, 2) -> 1 | AG2: =IF(OR(AND(AF2=1, K2="SEDANG"), AND(AF2=2, K2="TIDAK SEHAT")), 1, 0) -> 1
A3: 202212 | B3: 44925 | C3: 40 | D3: 64 | E3: 57 | F3: 21 | G3: 17 | H3: 24 | I3: 64 | J3: PM2,5 | K3: SEDANG | L3: DKI4 | N3: =(C3-MIN(C$2:C$99))/(MAX(C$2:C$99)-MIN(C$2:C$99)) -> 0.22413793 | O3: =(D3-MIN(D$2:D$99))/(MAX(D$2:D$99)-MIN(D$2:D$99)) -> 0.2 | P3: =(E3-MIN(E$2:E$99))/(MAX(E$2:E$99)-MIN(E$2:E$99)) -> 1 | Q3: =(F3-MIN(F$2:F$99))/(MAX(F$2:F$99)-MIN(F$2:F$99)) -> 0.63157895 | R3: =(G3-MIN(G$2:G$99))/(MAX(G$2:G$99)-MIN(G$2:G$99)) -> 0 | S3: =(H3-MIN(H$2:H$99))/(MAX(H$2:H$99)-MIN(H$2:H$99)) -> 0.34375 | T3: =SUM(N3:S3) -> 2.3994669 | V3: =Sheet3!AB3^2 -> 0.17431971 | W3: =Sheet3!AC3^2 -> 0.33928748 | X3: =V3 * C3 -> 6.9727883 | Y3: =W3 * C3 -> 13.571499 | Z3: =(C3 - 63.12)^2 + (D3 - 93.55)^2 + (E3 - 50.11)^2 + (F3 - 16.32)^2 + (G3 - 56.48)^2 + (H3 - 26.71)^2 -> 3043.1259 | AA3: =(C3 - 70.45)^2 + (D3 - 109.21)^2 + (E3 - 49.52)^2 + (F3 - 17.48)^2 + (G3 - 89.33)^2 + (H3 - 26.12)^2 -> 8275.6107 | AB3: =(1/Z3) / ((1/Z3) + (1/AA3)) -> 0.73114262 | AC3: =1 - AB3 -> 0.26885738 | AD3: =ABS(AB3 - Sheet3!AB3) -> 0.3136265 | AF3: =IF(AB3 > AC3, 1, 2) -> 1 | AG3: =IF(OR(AND(AF3=1, K3="SEDANG"), AND(AF3=2, K3="TIDAK SEHAT")), 1, 0) -> 1
A4: 202207 | B4: 44748 | C4: 75 | D4: 129 | E4: 45 | F4: 25 | G4: 71 | H4: 26 | I4: 129 | J4: PM2,5 | K4: TIDAK SEHAT | L4: DKI4 | N4: =(C4-MIN(C$2:C$99))/(MAX(C$2:C$99)-MIN(C$2:C$99)) -> 0.82758621 | O4: =(D4-MIN(D$2:D$99))/(MAX(D$2:D$99)-MIN(D$2:D$99)) -> 0.81904762 | P4: =(E4-MIN(E$2:E$99))/(MAX(E$2:E$99)-MIN(E$2:E$99)) -> 0 | Q4: =(F4-MIN(F$2:F$99))/(MAX(F$2:F$99)-MIN(F$2:F$99)) -> 0.84210526 | R4: =(G4-MIN(G$2:G$99))/(MAX(G$2:G$99)-MIN(G$2:G$99)) -> 0.32926829 | S4: =(H4-MIN(H$2:H$99))/(MAX(H$2:H$99)-MIN(H$2:H$99)) -> 0.40625 | T4: =SUM(N4:S4) -> 3.2242574 | V4: =Sheet3!AB4^2 -> 0.2866088 | W4: =Sheet3!AC4^2 -> 0.21589166 | X4: =V4 * C4 -> 21.49566 | Y4: =W4 * C4 -> 16.191875 | Z4: =(C4 - 63.12)^2 + (D4 - 93.55)^2 + (E4 - 50.11)^2 + (F4 - 16.32)^2 + (G4 - 56.48)^2 + (H4 - 26.71)^2 -> 1710.6259 | AA4: =(C4 - 70.45)^2 + (D4 - 109.21)^2 + (E4 - 49.52)^2 + (F4 - 17.48)^2 + (G4 - 89.33)^2 + (H4 - 26.12)^2 -> 825.3307 | AB4: =(1/Z4) / ((1/Z4) + (1/AA4)) -> 0.32545143 | AC4: =1 - AB4 -> 0.67454857 | AD4: =ABS(AB4 - Sheet3!AB4) -> 0.20990714 | AF4: =IF(AB4 > AC4, 1, 2) -> 2 | AG4: =IF(OR(AND(AF4=1, K4="SEDANG"), AND(AF4=2, K4="TIDAK SEHAT")), 1, 0) -> 1
A5: 202207 | B5: 44747 | C5: 66 | D5: 110 | E5: 47 | F5: 16 | G5: 61 | H5: 23 | I5: 110 | J5: PM2,5 | K5: TIDAK SEHAT | L5: DKI4 | N5: =(C5-MIN(C$2:C$99))/(MAX(C$2:C$99)-MIN(C$2:C$99)) -> 0.67241379 | O5: =(D5-MIN(D$2:D$99))/(MAX(D$2:D$99)-MIN(D$2:D$99)) -> 0.63809524 | P5: =(E5-MIN(E$2:E$99))/(MAX(E$2:E$99)-MIN(E$2:E$99)) -> 0.16666667 | Q5: =(F5-MIN(F$2:F$99))/(MAX(F$2:F$99)-MIN(F$2:F$99)) -> 0.36842105 | R5: =(G5-MIN(G$2:G$99))/(MAX(G$2:G$99)-MIN(G$2:G$99)) -> 0.26829268 | S5: =(H5-MIN(H$2:H$99))/(MAX(H$2:H$99)-MIN(H$2:H$99)) -> 0.3125 | T5: =SUM(N5:S5) -> 2.4263894 | V5: =Sheet3!AB5^2 -> 0.28363461 | W5: =Sheet3!AC5^2 -> 0.21848746 | X5: =V5 * C5 -> 18.719884 | Y5: =W5 * C5 -> 14.420173 | Z5: =(C5 - 63.12)^2 + (D5 - 93.55)^2 + (E5 - 50.11)^2 + (F5 - 16.32)^2 + (G5 - 56.48)^2 + (H5 - 26.71)^2 -> 322.8659 | AA5: =(C5 - 70.45)^2 + (D5 - 109.21)^2 + (E5 - 49.52)^2 + (F5 - 17.48)^2 + (G5 - 89.33)^2 + (H5 - 26.12)^2 -> 841.2907 | AB5: =(1/Z5) / ((1/Z5) + (1/AA5)) -> 0.72266111 | AC5: =1 - AB5 -> 0.27733889 | AD5: =ABS(AB5 - Sheet3!AB5) -> 0.19008753 | AF5: =IF(AB5 > AC5, 1, 2) -> 1 | AG5: =IF(OR(AND(AF5=1, K5="SEDANG"), AND(AF5=2, K5="TIDAK SEHAT")), 1, 0) -> 0
A6: 202207 | B6: 44746 | C6: 56 | D6: 78 | E6: 49 | F6: 11 | G6: 60 | H6: 13 | I6: 78 | J6: PM2,5 | K6: SEDANG | L6: DKI4 | N6: =(C6-MIN(C$2:C$99))/(MAX(C$2:C$99)-MIN(C$2:C$99)) -> 0.5 | O6: =(D6-MIN(D$2:D$99))/(MAX(D$2:D$99)-MIN(D$2:D$99)) -> 0.33333333 | P6: =(E6-MIN(E$2:E$99))/(MAX(E$2:E$99)-MIN(E$2:E$99)) -> 0.33333333 | Q6: =(F6-MIN(F$2:F$99))/(MAX(F$2:F$99)-MIN(F$2:F$99)) -> 0.10526316 | R6: =(G6-MIN(G$2:G$99))/(MAX(G$2:G$99)-MIN(G$2:G$99)) -> 0.26219512 | S6: =(H6-MIN(H$2:H$99))/(MAX(H$2:H$99)-MIN(H$2:H$99)) -> 0 | T6: =SUM(N6:S6) -> 1.5341249 | V6: =Sheet3!AB6^2 -> 0.30601037 | W6: =Sheet3!AC6^2 -> 0.19964629 | X6: =V6 * C6 -> 17.136581 | Y6: =W6 * C6 -> 11.180192 | Z6: =(C6 - 63.12)^2 + (D6 - 93.55)^2 + (E6 - 50.11)^2 + (F6 - 16.32)^2 + (G6 - 56.48)^2 + (H6 - 26.71)^2 -> 522.3859 | AA6: =(C6 - 70.45)^2 + (D6 - 109.21)^2 + (E6 - 49.52)^2 + (F6 - 17.48)^2 + (G6 - 89.33)^2 + (H6 - 26.12)^2 -> 2257.5107 | AB6: =(1/Z6) / ((1/Z6) + (1/AA6)) -> 0.81208441 | AC6: =1 - AB6 -> 0.18791559 | AD6: =ABS(AB6 - Sheet3!AB6) -> 0.25890237 | AF6: =IF(AB6 > AC6, 1, 2) -> 1 | AG6: =IF(OR(AND(AF6=1, K6="SEDANG"), AND(AF6=2, K6="TIDAK SEHAT")), 1, 0) -> 1
A7: 202207 | B7: 44745 | C7: 78 | D7: 126 | E7: 48 | F7: 17 | G7: 126 | H7: 25 | I7: 126 | J7: PM2,5 | K7: TIDAK SEHAT | L7: DKI2 | N7: =(C7-MIN(C$2:C$99))/(MAX(C$2:C$99)-MIN(C$2:C$99)) -> 0.87931034 | O7: =(D7-MIN(D$2:D$99))/(MAX(D$2:D$99)-MIN(D$2:D$99)) -> 0.79047619 | P7: =(E7-MIN(E$2:E$99))/(MAX(E$2:E$99)-MIN(E$2:E$99)) -> 0.25 | Q7: =(F7-MIN(F$2:F$99))/(MAX(F$2:F$99)-MIN(F$2:F$99)) -> 0.42105263 | R7: =(G7-MIN(G$2:G$99))/(MAX(G$2:G$99)-MIN(G$2:G$99)) -> 0.66463415 | S7: =(H7-MIN(H$2:H$99))/(MAX(H$2:H$99)-MIN(H$2:H$99)) -> 0.375 | T7: =SUM(N7:S7) -> 3.3804733 | V7: =Sheet3!AB7^2 -> 0.32225485 | W7: =Sheet3!AC7^2 -> 0.18690495 | X7: =V7 * C7 -> 25.135878 | Y7: =W7 * C7 -> 14.578586 | Z7: =(C7 - 63.12)^2 + (D7 - 93.55)^2 + (E7 - 50.11)^2 + (F7 - 16.32)^2 + (G7 - 56.48)^2 + (H7 - 26.71)^2 -> 6115.2859 | AA7: =(C7 - 70.45)^2 + (D7 - 109.21)^2 + (E7 - 49.52)^2 + (F7 - 17.48)^2 + (G7 - 89.33)^2 + (H7 - 26.12)^2 -> 1687.3907 | AB7: =(1/Z7) / ((1/Z7) + (1/AA7)) -> 0.21625793 | AC7: =1 - AB7 -> 0.78374207 | AD7: =ABS(AB7 - Sheet3!AB7) -> 0.35141702 | AF7: =IF(AB7 > AC7, 1, 2) -> 2 | AG7: =IF(OR(AND(AF7=1, K7="SEDANG"), AND(AF7=2, K7="TIDAK SEHAT")), 1, 0) -> 1
A8: 202207 | B8: 44744 | C8: 81 | D8: 137 | E8: 47 | F8: 18 | G8: 106 | H8: 29 | I8: 137 | J8: PM2,5 | K8: TIDAK SEHAT | L8: DKI4 | N8: =(C8-MIN(C$2:C$99))/(MAX(C$2:C$99)-MIN(C$2:C$99)) -> 0.93103448 | O8: =(D8-MIN(D$2:D$99))/(MAX(D$2:D$99)-MIN(D$2:D$99)) -> 0.8952381 | P8: =(E8-MIN(E$2:E$99))/(MAX(E$2:E$99)-MIN(E$2:E$99)) -> 0.16666667 | Q8: =(F8-MIN(F$2:F$99))/(MAX(F$2:F$99)-MIN(F$2:F$99)) -> 0.47368421 | R8: =(G8-MIN(G$2:G$99))/(MAX(G$2:G$99)-MIN(G$2:G$99)) -> 0.54268293 | S8: =(H8-MIN(H$2:H$99))/(MAX(H$2:H$99)-MIN(H$2:H$99)) -> 0.5 | T8: =SUM(N8:S8) -> 3.5093064 | V8: =Sheet3!AB8^2 -> 0.31219586 | W8: =Sheet3!AC8^2 -> 0.19470606 | X8: =V8 * C8 -> 25.287865 | Y8: =W8 * C8 -> 15.771191 | Z8: =(C8 - 63.12)^2 + (D8 - 93.55)^2 + (E8 - 50.11)^2 + (F8 - 16.32)^2 + (G8 - 56.48)^2 + (H8 - 26.71)^2 -> 4677.5659 | AA8: =(C8 - 70.45)^2 + (D8 - 109.21)^2 + (E8 - 49.52)^2 + (F8 - 17.48)^2 + (G8 - 89.33)^2 + (H8 - 26.12)^2 -> 1176.3907 | AB8: =(1/Z8) / ((1/Z8) + (1/AA8)) -> 0.20095651 | AC8: =1 - AB8 -> 0.79904349 | AD8: =ABS(AB8 - Sheet3!AB8) -> 0.35778839 | AF8: =IF(AB8 > AC8, 1, 2) -> 2 | AG8: =IF(OR(AND(AF8=1, K8="SEDANG"), AND(AF8=2, K8="TIDAK SEHAT")), 1, 0) -> 1
A9: 202208 | B9: 44774 | C9: 68 | D9: 109 | E9: 50 | F9: 12 | G9: 91 | H9: 19 | I9: 109 | J9: PM2,5 | K9: TIDAK SEHAT | L9: DKI4 | N9: =(C9-MIN(C$2:C$99))/(MAX(C$2:C$99)-MIN(C$2:C$99)) -> 0.70689655 | O9: =(D9-MIN(D$2:D$99))/(MAX(D$2:D$99)-MIN(D$2:D$99)) -> 0.62857143 | P9: =(E9-MIN(E$2:E$99))/(MAX(E$2:E$99)-MIN(E$2:E$99)) -> 0.41666667 | Q9: =(F9-MIN(F$2:F$99))/(MAX(F$2:F$99)-MIN(F$2:F$99)) -> 0.15789474 | R9: =(G9-MIN(G$2:G$99))/(MAX(G$2:G$99)-MIN(G$2:G$99)) -> 0.45121951 | S9: =(H9-MIN(H$2:H$99))/(MAX(H$2:H$99)-MIN(H$2:H$99)) -> 0.1875 | T9: =SUM(N9:S9) -> 2.5487489 | V9: =Sheet3!AB9^2 -> 0.38981073 | W9: =Sheet3!AC9^2 -> 0.14111424 | X9: =V9 * C9 -> 26.507129 | Y9: =W9 * C9 -> 9.5957686 | Z9: =(C9 - 63.12)^2 + (D9 - 93.55)^2 + (E9 - 50.11)^2 + (F9 - 16.32)^2 + (G9 - 56.48)^2 + (H9 - 26.71)^2 -> 1532.2659 | AA9: =(C9 - 70.45)^2 + (D9 - 109.21)^2 + (E9 - 49.52)^2 + (F9 - 17.48)^2 + (G9 - 89.33)^2 + (H9 - 26.12)^2 -> 89.7907 | AB9: =(1/Z9) / ((1/Z9) + (1/AA9)) -> 0.055356083 | AC9: =1 - AB9 -> 0.94464392 | AD9: =ABS(AB9 - Sheet3!AB9) -> 0.56899216 | AF9: =IF(AB9 > AC9, 1, 2) -> 2 | AG9: =IF(OR(AND(AF9=1, K9="SEDANG"), AND(AF9=2, K9="TIDAK SEHAT")), 1, 0) -> 1
A10: 202208 | B10: 44804 | C10: 85 | D10: 148 | E10: 51 | F10: 25 | G10: 74 | H10: 37 | I10: 148 | J10: PM2,5 | K10: TIDAK SEHAT | L10: DKI4 | N10: =(C10-MIN(C$2:C$99))/(MAX(C$2:C$99)-MIN(C$2:C$99)) -> 1 | O10: =(D10-MIN(D$2:D$99))/(MAX(D$2:D$99)-MIN(D$2:D$99)) -> 1 | P10: =(E10-MIN(E$2:E$99))/(MAX(E$2:E$99)-MIN(E$2:E$99)) -> 0.5 | Q10: =(F10-MIN(F$2:F$99))/(MAX(F$2:F$99)-MIN(F$2:F$99)) -> 0.84210526 | R10: =(G10-MIN(G$2:G$99))/(MAX(G$2:G$99)-MIN(G$2:G$99)) -> 0.34756098 | S10: =(H10-MIN(H$2:H$99))/(MAX(H$2:H$99)-MIN(H$2:H$99)) -> 0.75 | T10: =SUM(N10:S10) -> 4.4396662 | V10: =Sheet3!AB10^2 -> 0.26589849 | W10: =Sheet3!AC10^2 -> 0.23459157 | X10: =V10 * C10 -> 22.601372 | Y10: =W10 * C10 -> 19.940283 | Z10: =(C10 - 63.12)^2 + (D10 - 93.55)^2 + (E10 - 50.11)^2 + (F10 - 16.32)^2 + (G10 - 56.48)^2 + (H10 - 26.71)^2 -> 3932.5059 | AA10: =(C10 - 70.45)^2 + (D10 - 109.21)^2 + (E10 - 49.52)^2 + (F10 - 17.48)^2 + (G10 - 89.33)^2 + (H10 - 26.12)^2 -> 2128.4907 | AB10: =(1/Z10) / ((1/Z10) + (1/AA10)) -> 0.35117834 | AC10: =1 - AB10 -> 0.64882166 | AD10: =ABS(AB10 - Sheet3!AB10) -> 0.16447513 | AF10: =IF(AB10 > AC10, 1, 2) -> 2 | AG10: =IF(OR(AND(AF10=1, K10="SEDANG"), AND(AF10=2, K10="TIDAK SEHAT")), 1, 0) -> 1
A11: 202208 | B11: 44803 | C11: 59 | D11: 84 | E11: 50 | F11: 15 | G11: 56 | H11: 29 | I11: 84 | J11: PM2,5 | K11: SEDANG | L11: DKI4 | N11: =(C11-MIN(C$2:C$99))/(MAX(C$2:C$99)-MIN(C$2:C$99)) -> 0.55172414 | O11: =(D11-MIN(D$2:D$99))/(MAX(D$2:D$99)-MIN(D$2:D$99)) -> 0.39047619 | P11: =(E11-MIN(E$2:E$99))/(MAX(E$2:E$99)-MIN(E$2:E$99)) -> 0.41666667 | Q11: =(F11-MIN(F$2:F$99))/(MAX(F$2:F$99)-MIN(F$2:F$99)) -> 0.31578947 | R11: =(G11-MIN(G$2:G$99))/(MAX(G$2:G$99)-MIN(G$2:G$99)) -> 0.23780488 | S11: =(H11-MIN(H$2:H$99))/(MAX(H$2:H$99)-MIN(H$2:H$99)) -> 0.5 | T11: =SUM(N11:S11) -> 2.4124613 | V11: =Sheet3!AB11^2 -> 0.23412557 | W11: =Sheet3!AC11^2 -> 0.26639509 | X11: =V11 * C11 -> 13.813409 | Y11: =W11 * C11 -> 15.71731 | Z11: =(C11 - 63.12)^2 + (D11 - 93.55)^2 + (E11 - 50.11)^2 + (F11 - 16.32)^2 + (G11 - 56.48)^2 + (H11 - 26.71)^2 -> 115.4059 | AA11: =(C11 - 70.45)^2 + (D11 - 109.21)^2 + (E11 - 49.52)^2 + (F11 - 17.48)^2 + (G11 - 89.33)^2 + (H11 - 26.12)^2 -> 1892.2107 | AB11: =(1/Z11) / ((1/Z11) + (1/AA11)) -> 0.94251597 | AC11: =1 - AB11 -> 0.057484034 | AD11: =ABS(AB11 - Sheet3!AB11) -> 0.45865073 | AF11: =IF(AB11 > AC11, 1, 2) -> 1 | AG11: =IF(OR(AND(AF11=1, K11="SEDANG"), AND(AF11=2, K11="TIDAK SEHAT")), 1, 0) -> 1
A12: 202208 | B12: 44802 | C12: 58 | D12: 82 | E12: 49 | F12: 16 | G12: 55 | H12: 29 | I12: 82 | J12: PM2,5 | K12: SEDANG | L12: DKI4 | N12: =(C12-MIN(C$2:C$99))/(MAX(C$2:C$99)-MIN(C$2:C$99)) -> 0.53448276 | O12: =(D12-MIN(D$2:D$99))/(MAX(D$2:D$99)-MIN(D$2:D$99)) -> 0.37142857 | P12: =(E12-MIN(E$2:E$99))/(MAX(E$2:E$99)-MIN(E$2:E$99)) -> 0.33333333 | Q12: =(F12-MIN(F$2:F$99))/(MAX(F$2:F$99)-MIN(F$2:F$99)) -> 0.36842105 | R12: =(G12-MIN(G$2:G$99))/(MAX(G$2:G$99)-MIN(G$2:G$99)) -> 0.23170732 | S12: =(H12-MIN(H$2:H$99))/(MAX(H$2:H$99)-MIN(H$2:H$99)) -> 0.5 | T12: =SUM(N12:S12) -> 2.339373 | V12: =Sheet3!AB12^2 -> 0.21309621 | W12: =Sheet3!AC12^2 -> 0.28984931 | X12: =V12 * C12 -> 12.35958 | Y12: =W12 * C12 -> 16.81126 | Z12: =(C12 - 63.12)^2 + (D12 - 93.55)^2 + (E12 - 50.11)^2 + (F12 - 16.32)^2 + (G12 - 56.48)^2 + (H12 - 26.71)^2 -> 168.3859 | AA12: =(C12 - 70.45)^2 + (D12 - 109.21)^2 + (E12 - 49.52)^2 + (F12 - 17.48)^2 + (G12 - 89.33)^2 + (H12 - 26.12)^2 -> 2084.6907 | AB12: =(1/Z12) / ((1/Z12) + (1/AA12)) -> 0.92526401 | AC12: =1 - AB12 -> 0.074735985 | AD12: =ABS(AB12 - Sheet3!AB12) -> 0.46364057 | AF12: =IF(AB12 > AC12, 1, 2) -> 1 | AG12: =IF(OR(AND(AF12=1, K12="SEDANG"), AND(AF12=2, K12="TIDAK SEHAT")), 1, 0) -> 1
A13: 202208 | B13: 44801 | C13: 64 | D13: 85 | E13: 49 | F13: 17 | G13: 56 | H13: 30 | I13: 85 | J13: PM2,5 | K13: SEDANG | L13: DKI5 | N13: =(C13-MIN(C$2:C$99))/(MAX(C$2:C$99)-MIN(C$2:C$99)) -> 0.63793103 | O13: =(D13-MIN(D$2:D$99))/(MAX(D$2:D$99)-MIN(D$2:D$99)) -> 0.4 | P13: =(E13-MIN(E$2:E$99))/(MAX(E$2:E$99)-MIN(E$2:E$99)) -> 0.33333333 | Q13: =(F13-MIN(F$2:F$99))/(MAX(F$2:F$99)-MIN(F$2:F$99)) -> 0.42105263 | R13: =(G13-MIN(G$2:G$99))/(MAX(G$2:G$99)-MIN(G$2:G$99)) -> 0.23780488 | S13: =(H13-MIN(H$2:H$99))/(MAX(H$2:H$99)-MIN(H$2:H$99)) -> 0.53125 | T13: =SUM(N13:S13) -> 2.5613719 | V13: =Sheet3!AB13^2 -> 0.22273996 | W13: =Sheet3!AC13^2 -> 0.27883327 | X13: =V13 * C13 -> 14.255357 | Y13: =W13 * C13 -> 17.84533 | Z13: =(C13 - 63.12)^2 + (D13 - 93.55)^2 + (E13 - 50.11)^2 + (F13 - 16.32)^2 + (G13 - 56.48)^2 + (H13 - 26.71)^2 -> 86.6259 | AA13: =(C13 - 70.45)^2 + (D13 - 109.21)^2 + (E13 - 49.52)^2 + (F13 - 17.48)^2 + (G13 - 89.33)^2 + (H13 - 26.12)^2 -> 1754.1707 | AB13: =(1/Z13) / ((1/Z13) + (1/AA13)) -> 0.95294108 | AC13: =1 - AB13 -> 0.04705892 | AD13: =ABS(AB13 - Sheet3!AB13) -> 0.48098774 | AF13: =IF(AB13 > AC13, 1, 2) -> 1 | AG13: =IF(OR(AND(AF13=1, K13="SEDANG"), AND(AF13=2, K13="TIDAK SEHAT")), 1, 0) -> 1
... A23: 202208 | B23: 44791 | C23: 64 | D23: 89 | E23: 49 | F23: 25 | G23: 84 | H23: 28 | I23: 89 | J23: PM2,5 | K23: SEDANG | L23: DKI4 | N23: =(C23-MIN(C$2:C$99))/(MAX(C$2:C$99)-MIN(C$2:C$99)) -> 0.63793103 | O23: =(D23-MIN(D$2:D$99))/(MAX(D$2:D$99)-MIN(D$2:D$99)) -> 0.43809524 | P23: =(E23-MIN(E$2:E$99))/(MAX(E$2:E$99)-MIN(E$2:E$99)) -> 0.33333333 | Q23: =(F23-MIN(F$2:F$99))/(MAX(F$2:F$99)-MIN(F$2:F$99)) -> 0.84210526 | R23: =(G23-MIN(G$2:G$99))/(MAX(G$2:G$99)-MIN(G$2:G$99)) -> 0.40853659 | S23: =(H23-MIN(H$2:H$99))/(MAX(H$2:H$99)-MIN(H$2:H$99)) -> 0.46875 | T23: =SUM(N23:S23) -> 3.1287515 | V23: =Sheet3!AB23^2 -> 0.50125502 | W23: =Sheet3!AC23^2 -> 0.085267703 | X23: =V23 * C23 -> 32.080321 | Y23: =W23 * C23 -> 5.457133 | Z23: =(C23 - 63.12)^2 + (D23 - 93.55)^2 + (E23 - 50.11)^2 + (F23 - 16.32)^2 + (G23 - 56.48)^2 + (H23 - 26.71)^2 -> 857.0659 | AA23: =(C23 - 70.45)^2 + (D23 - 109.21)^2 + (E23 - 49.52)^2 + (F23 - 17.48)^2 + (G23 - 89.33)^2 + (H23 - 26.12)^2 -> 538.8107 | AB23: =(1/Z23) / ((1/Z23) + (1/AA23)) -> 0.38600167 | AC23: =1 - AB23 -> 0.61399833 | AD23: =ABS(AB23 - Sheet3!AB23) -> 0.32199199 | AF23: =IF(AB23 > AC23, 1, 2) -> 2 | AG23: =IF(OR(AND(AF23=1, K23="SEDANG"), AND(AF23=2, K23="TIDAK SEHAT")), 1, 0) -> 0
A24: 202208 | B24: 44790 | C24: 55 | D24: 78 | E24: 48 | F24: 17 | G24: 108 | H24: 25 | I24: 108 | J24: O3 | K24: TIDAK SEHAT | L24: DKI2 | N24: =(C24-MIN(C$2:C$99))/(MAX(C$2:C$99)-MIN(C$2:C$99)) -> 0.48275862 | O24: =(D24-MIN(D$2:D$99))/(MAX(D$2:D$99)-MIN(D$2:D$99)) -> 0.33333333 | P24: =(E24-MIN(E$2:E$99))/(MAX(E$2:E$99)-MIN(E$2:E$99)) -> 0.25 | Q24: =(F24-MIN(F$2:F$99))/(MAX(F$2:F$99)-MIN(F$2:F$99)) -> 0.42105263 | R24: =(G24-MIN(G$2:G$99))/(MAX(G$2:G$99)-MIN(G$2:G$99)) -> 0.55487805 | S24: =(H24-MIN(H$2:H$99))/(MAX(H$2:H$99)-MIN(H$2:H$99)) -> 0.375 | T24: =SUM(N24:S24) -> 2.4170226 | V24: =Sheet3!AB24^2 -> 0.38302563 | W24: =Sheet3!AC24^2 -> 0.14524434 | X24: =V24 * C24 -> 21.066409 | Y24: =W24 * C24 -> 7.9884389 | Z24: =(C24 - 63.12)^2 + (D24 - 93.55)^2 + (E24 - 50.11)^2 + (F24 - 16.32)^2 + (G24 - 56.48)^2 + (H24 - 26.71)^2 -> 2969.8859 | AA24: =(C24 - 70.45)^2 + (D24 - 109.21)^2 + (E24 - 49.52)^2 + (F24 - 17.48)^2 + (G24 - 89.33)^2 + (H24 - 26.12)^2 -> 1565.1307 | AB24: =(1/Z24) / ((1/Z24) + (1/AA24)) -> 0.34512127 | AC24: =(1/AA24) / ((1/Z24) + (1/AA24)) -> 0.65487873 | AD24: =ABS(AB24 - Sheet3!AB24) -> 0.27376937 | AF24: =IF(AB24 > AC24, 1, 2) -> 2 | AG24: =IF(OR(AND(AF24=1, K24="SEDANG"), AND(AF24=2, K24="TIDAK SEHAT")), 1, 0) -> 1
A25: 202208 | B25: 44789 | C25: 61 | D25: 89 | E25: 51 | F25: 15 | G25: 181 | H25: 33 | I25: 181 | J25: O3 | K25: TIDAK SEHAT | L25: DKI2 | N25: =(C25-MIN(C$2:C$99))/(MAX(C$2:C$99)-MIN(C$2:C$99)) -> 0.5862069 | O25: =(D25-MIN(D$2:D$99))/(MAX(D$2:D$99)-MIN(D$2:D$99)) -> 0.43809524 | P25: =(E25-MIN(E$2:E$99))/(MAX(E$2:E$99)-MIN(E$2:E$99)) -> 0.5 | Q25: =(F25-MIN(F$2:F$99))/(MAX(F$2:F$99)-MIN(F$2:F$99)) -> 0.31578947 | R25: =(G25-MIN(G$2:G$99))/(MAX(G$2:G$99)-MIN(G$2:G$99)) -> 1 | S25: =(H25-MIN(H$2:H$99))/(MAX(H$2:H$99)-MIN(H$2:H$99)) -> 0.625 | T25: =SUM(N25:S25) -> 3.4650916 | V25: =Sheet3!AB25^2 -> 0.30505156 | W25: =Sheet3!AC25^2 -> 0.20042211 | X25: =V25 * C25 -> 18.608145 | Y25: =W25 * C25 -> 12.225748 | Z25: =(C25 - 63.12)^2 + (D25 - 93.55)^2 + (E25 - 50.11)^2 + (F25 - 16.32)^2 + (G25 - 56.48)^2 + (H25 - 26.71)^2 -> 15572.526 | AA25: =(C25 - 70.45)^2 + (D25 - 109.21)^2 + (E25 - 49.52)^2 + (F25 - 17.48)^2 + (G25 - 89.33)^2 + (H25 - 26.12)^2 -> 8956.8107 | AB25: =(1/Z25) / ((1/Z25) + (1/AA25)) -> 0.36514688 | AC25: =(1/AA25) / ((1/Z25) + (1/AA25)) -> 0.63485312 | AD25: =ABS(AB25 - Sheet3!AB25) -> 0.18716785 | AF25: =IF(AB25 > AC25, 1, 2) -> 2 | AG25: =IF(OR(AND(AF25=1, K25="SEDANG"), AND(AF25=2, K25="TIDAK SEHAT")), 1, 0) -> 1
A26: 202208 | B26: 44788 | C26: 64 | D26: 84 | E26: 50 | F26: 17 | G26: 63 | H26: 28 | I26: 84 | J26: PM2,5 | K26: SEDANG | L26: DKI4 | N26: =(C26-MIN(C$2:C$99))/(MAX(C$2:C$99)-MIN(C$2:C$99)) -> 0.63793103 | O26: =(D26-MIN(D$2:D$99))/(MAX(D$2:D$99)-MIN(D$2:D$99)) -> 0.39047619 | P26: =(E26-MIN(E$2:E$99))/(MAX(E$2:E$99)-MIN(E$2:E$99)) -> 0.41666667 | Q26: =(F26-MIN(F$2:F$99))/(MAX(F$2:F$99)-MIN(F$2:F$99)) -> 0.42105263 | R26: =(G26-MIN(G$2:G$99))/(MAX(G$2:G$99)-MIN(G$2:G$99)) -> 0.2804878 | S26: =(H26-MIN(H$2:H$99))/(MAX(H$2:H$99)-MIN(H$2:H$99)) -> 0.46875 | T26: =SUM(N26:S26) -> 2.6153643 | V26: =Sheet3!AB26^2 -> 0.54642224 | W26: =Sheet3!AC26^2 -> 0.068014663 | X26: =V26 * C26 -> 34.971024 | Y26: =W26 * C26 -> 4.3529384 | Z26: =(C26 - 63.12)^2 + (D26 - 93.55)^2 + (E26 - 50.11)^2 + (F26 - 16.32)^2 + (G26 - 56.48)^2 + (H26 - 26.71)^2 -> 136.6259 | AA26: =(C26 - 70.45)^2 + (D26 - 109.21)^2 + (E26 - 49.52)^2 + (F26 - 17.48)^2 + (G26 - 89.33)^2 + (H26 - 26.12)^2 -> 1374.4107 | AB26: =(1/Z26) / ((1/Z26) + (1/AA26)) -> 0.90958134 | AC26: =(1/AA26) / ((1/Z26) + (1/AA26)) -> 0.090418657 | AD26: =ABS(AB26 - Sheet3!AB26) -> 0.17037755 | AF26: =IF(AB26 > AC26, 1, 2) -> 1 | AG26: =IF(OR(AND(AF26=1, K26="SEDANG"), AND(AF26=2, K26="TIDAK SEHAT")), 1, 0) -> 1
A27: 202208 | B27: 44787 | C27: 68 | D27: 93 | E27: 50 | F27: 14 | G27: 80 | H27: 20 | I27: 93 | J27: PM2,5 | K27: SEDANG | L27: DKI4 | N27: =(C27-MIN(C$2:C$99))/(MAX(C$2:C$99)-MIN(C$2:C$99)) -> 0.70689655 | O27: =(D27-MIN(D$2:D$99))/(MAX(D$2:D$99)-MIN(D$2:D$99)) -> 0.47619048 | P27: =(E27-MIN(E$2:E$99))/(MAX(E$2:E$99)-MIN(E$2:E$99)) -> 0.41666667 | Q27: =(F27-MIN(F$2:F$99))/(MAX(F$2:F$99)-MIN(F$2:F$99)) -> 0.26315789 | R27: =(G27-MIN(G$2:G$99))/(MAX(G$2:G$99)-MIN(G$2:G$99)) -> 0.38414634 | S27: =(H27-MIN(H$2:H$99))/(MAX(H$2:H$99)-MIN(H$2:H$99)) -> 0.21875 | T27: =SUM(N27:S27) -> 2.4658079 | V27: =Sheet3!AB27^2 -> 0.48801223 | W27: =Sheet3!AC27^2 -> 0.090854787 | X27: =V27 * C27 -> 33.184832 | Y27: =W27 * C27 -> 6.1781255 | Z27: =(C27 - 63.12)^2 + (D27 - 93.55)^2 + (E27 - 50.11)^2 + (F27 - 16.32)^2 + (G27 - 56.48)^2 + (H27 - 26.71)^2 -> 627.7259 | AA27: =(C27 - 70.45)^2 + (D27 - 109.21)^2 + (E27 - 49.52)^2 + (F27 - 17.48)^2 + (G27 - 89.33)^2 + (H27 - 26.12)^2 -> 405.6107 | AB27: =(1/Z27) / ((1/Z27) + (1/AA27)) -> 0.39252524 | AC27: =(1/AA27) / ((1/Z27) + (1/AA27)) -> 0.60747476 | AD27: =ABS(AB27 - Sheet3!AB27) -> 0.30605348 | AF27: =IF(AB27 > AC27, 1, 2) -> 2 | AG27: =IF(OR(AND(AF27=1, K27="SEDANG"), AND(AF27=2, K27="TIDAK SEHAT")), 1, 0) -> 0
A28: 202208 | B28: 44786 | C28: 58 | D28: 77 | E28: 48 | F28: 21 | G28: 76 | H28: 36 | I28: 77 | J28: PM2,5 | K28: SEDANG | L28: DKI5 | N28: =(C28-MIN(C$2:C$99))/(MAX(C$2:C$99)-MIN(C$2:C$99)) -> 0.53448276 | O28: =(D28-MIN(D$2:D$99))/(MAX(D$2:D$99)-MIN(D$2:D$99)) -> 0.32380952 | P28: =(E28-MIN(E$2:E$99))/(MAX(E$2:E$99)-MIN(E$2:E$99)) -> 0.25 | Q28: =(F28-MIN(F$2:F$99))/(MAX(F$2:F$99)-MIN(F$2:F$99)) -> 0.63157895 | R28: =(G28-MIN(G$2:G$99))/(MAX(G$2:G$99)-MIN(G$2:G$99)) -> 0.3597561 | S28: =(H28-MIN(H$2:H$99))/(MAX(H$2:H$99)-MIN(H$2:H$99)) -> 0.71875 | T28: =SUM(N28:S28) -> 2.8183773 | V28: =Sheet3!AB28^2 -> 0.47528999 | W28: =Sheet3!AC28^2 -> 0.096464419 | X28: =V28 * C28 -> 27.566819 | Y28: =W28 * C28 -> 5.5949363 | Z28: =(C28 - 63.12)^2 + (D28 - 93.55)^2 + (E28 - 50.11)^2 + (F28 - 16.32)^2 + (G28 - 56.48)^2 + (H28 - 26.71)^2 -> 793.8059 | AA28: =(C28 - 70.45)^2 + (D28 - 109.21)^2 + (E28 - 49.52)^2 + (F28 - 17.48)^2 + (G28 - 89.33)^2 + (H28 - 26.12)^2 -> 1482.4907 | AB28: =(1/Z28) / ((1/Z28) + (1/AA28)) -> 0.65127308 | AC28: =(1/AA28) / ((1/Z28) + (1/AA28)) -> 0.34872692 | AD28: =ABS(AB28 - Sheet3!AB28) -> 0.038139703 | AF28: =IF(AB28 > AC28, 1, 2) -> 1 | AG28: =IF(OR(AND(AF28=1, K28="SEDANG"), AND(AF28=2, K28="TIDAK SEHAT")), 1, 0) -> 1
A29: 202208 | B29: 44785 | C29: 65 | D29: 94 | E29: 49 | F29: 17 | G29: 97 | H29: 25 | I29: 97 | J29: O3 | K29: SEDANG | L29: DKI2 | N29: =(C29-MIN(C$2:C$99))/(MAX(C$2:C$99)-MIN(C$2:C$99)) -> 0.65517241 | O29: =(D29-MIN(D$2:D$99))/(MAX(D$2:D$99)-MIN(D$2:D$99)) -> 0.48571429 | P29: =(E29-MIN(E$2:E$99))/(MAX(E$2:E$99)-MIN(E$2:E$99)) -> 0.33333333 | Q29: =(F29-MIN(F$2:F$99))/(MAX(F$2:F$99)-MIN(F$2:F$99)) -> 0.42105263 | R29: =(G29-MIN(G$2:G$99))/(MAX(G$2:G$99)-MIN(G$2:G$99)) -> 0.48780488 | S29: =(H29-MIN(H$2:H$99))/(MAX(H$2:H$99)-MIN(H$2:H$99)) -> 0.375 | T29: =SUM(N29:S29) -> 2.7580775 | V29: =Sheet3!AB29^2 -> 0.42636198 | W29: =Sheet3!AC29^2 -> 0.12043399 | X29: =V29 * C29 -> 27.713529 | Y29: =W29 * C29 -> 7.8282091 | Z29: =(C29 - 63.12)^2 + (D29 - 93.55)^2 + (E29 - 50.11)^2 + (F29 - 16.32)^2 + (G29 - 56.48)^2 + (H29 - 26.71)^2 -> 1650.2259 | AA29: =(C29 - 70.45)^2 + (D29 - 109.21)^2 + (E29 - 49.52)^2 + (F29 - 17.48)^2 + (G29 - 89.33)^2 + (H29 - 26.12)^2 -> 321.6307 | AB29: =(1/Z29) / ((1/Z29) + (1/AA29)) -> 0.16311059 | AC29: =(1/AA29) / ((1/Z29) + (1/AA29)) -> 0.83688941 | AD29: =ABS(AB29 - Sheet3!AB29) -> 0.48985341 | AF29: =IF(AB29 > AC29, 1, 2) -> 2 | AG29: =IF(OR(AND(AF29=1, K29="SEDANG"), AND(AF29=2, K29="TIDAK SEHAT")), 1, 0) -> 0
A30: 202208 | B30: 44784 | C30: 74 | D30: 107 | E30: 52 | F30: 19 | G30: 80 | H30: 27 | I30: 107 | J30: PM2,5 | K30: TIDAK SEHAT | L30: DKI4 | N30: =(C30-MIN(C$2:C$99))/(MAX(C$2:C$99)-MIN(C$2:C$99)) -> 0.81034483 | O30: =(D30-MIN(D$2:D$99))/(MAX(D$2:D$99)-MIN(D$2:D$99)) -> 0.60952381 | P30: =(E30-MIN(E$2:E$99))/(MAX(E$2:E$99)-MIN(E$2:E$99)) -> 0.58333333 | Q30: =(F30-MIN(F$2:F$99))/(MAX(F$2:F$99)-MIN(F$2:F$99)) -> 0.52631579 | R30: =(G30-MIN(G$2:G$99))/(MAX(G$2:G$99)-MIN(G$2:G$99)) -> 0.38414634 | S30: =(H30-MIN(H$2:H$99))/(MAX(H$2:H$99)-MIN(H$2:H$99)) -> 0.4375 | T30: =SUM(N30:S30) -> 3.3511641 | V30: =Sheet3!AB30^2 -> 0.40160175 | W30: =Sheet3!AC30^2 -> 0.13416063 | X30: =V30 * C30 -> 29.718529 | Y30: =W30 * C30 -> 9.9278866 | Z30: =(C30 - 63.12)^2 + (D30 - 93.55)^2 + (E30 - 50.11)^2 + (F30 - 16.32)^2 + (G30 - 56.48)^2 + (H30 - 26.71)^2 -> 863.3059 | AA30: =(C30 - 70.45)^2 + (D30 - 109.21)^2 + (E30 - 49.52)^2 + (F30 - 17.48)^2 + (G30 - 89.33)^2 + (H30 - 26.12)^2 -> 113.7707 | AB30: =(1/Z30) / ((1/Z30) + (1/AA30)) -> 0.1164399 | AC30: =(1/AA30) / ((1/Z30) + (1/AA30)) -> 0.8835601 | AD30: =ABS(AB30 - Sheet3!AB30) -> 0.51728066 | AF30: =IF(AB30 > AC30, 1, 2) -> 2 | AG30: =IF(OR(AND(AF30=1, K30="SEDANG"), AND(AF30=2, K30="TIDAK SEHAT")), 1, 0) -> 1
A31: 202208 | B31: 44783 | C31: 73 | D31: 116 | E31: 49 | F31: 19 | G31: 82 | H31: 29 | I31: 116 | J31: PM2,5 | K31: TIDAK SEHAT | L31: DKI4 | N31: =(C31-MIN(C$2:C$99))/(MAX(C$2:C$99)-MIN(C$2:C$99)) -> 0.79310345 | O31: =(D31-MIN(D$2:D$99))/(MAX(D$2:D$99)-MIN(D$2:D$99)) -> 0.6952381 | P31: =(E31-MIN(E$2:E$99))/(MAX(E$2:E$99)-MIN(E$2:E$99)) -> 0.33333333 | Q31: =(F31-MIN(F$2:F$99))/(MAX(F$2:F$99)-MIN(F$2:F$99)) -> 0.52631579 | R31: =(G31-MIN(G$2:G$99))/(MAX(G$2:G$99)-MIN(G$2:G$99)) -> 0.39634146 | S31: =(H31-MIN(H$2:H$99))/(MAX(H$2:H$99)-MIN(H$2:H$99)) -> 0.5 | T31: =SUM(N31:S31) -> 3.2443321 | V31: =Sheet3!AB31^2 -> 0.36358362 | W31: =Sheet3!AC31^2 -> 0.15762571 | X31: =V31 * C31 -> 26.541604 | Y31: =W31 * C31 -> 11.506677 | Z31: =(C31 - 63.12)^2 + (D31 - 93.55)^2 + (E31 - 50.11)^2 + (F31 - 16.32)^2 + (G31 - 56.48)^2 + (H31 - 26.71)^2 -> 1266.5459 | AA31: =(C31 - 70.45)^2 + (D31 - 109.21)^2 + (E31 - 49.52)^2 + (F31 - 17.48)^2 + (G31 - 89.33)^2 + (H31 - 26.12)^2 -> 117.2107 | AB31: =(1/Z31) / ((1/Z31) + (1/AA31)) -> 0.084704709 | AC31: =(1/AA31) / ((1/Z31) + (1/AA31)) -> 0.91529529 | AD31: =ABS(AB31 - Sheet3!AB31) -> 0.51827425 | AF31: =IF(AB31 > AC31, 1, 2) -> 2 | AG31: =IF(OR(AND(AF31=1, K31="SEDANG"), AND(AF31=2, K31="TIDAK SEHAT")), 1, 0) -> 1
A32: 202208 | B32: 44782 | C32: 61 | D32: 88 | E32: 50 | F32: 14 | G32: 103 | H32: 21 | I32: 103 | J32: O3 | K32: TIDAK SEHAT | L32: DKI2 | N32: =(C32-MIN(C$2:C$99))/(MAX(C$2:C$99)-MIN(C$2:C$99)) -> 0.5862069 | O32: =(D32-MIN(D$2:D$99))/(MAX(D$2:D$99)-MIN(D$2:D$99)) -> 0.42857143 | P32: =(E32-MIN(E$2:E$99))/(MAX(E$2:E$99)-MIN(E$2:E$99)) -> 0.41666667 | Q32: =(F32-MIN(F$2:F$99))/(MAX(F$2:F$99)-MIN(F$2:F$99)) -> 0.26315789 | R32: =(G32-MIN(G$2:G$99))/(MAX(G$2:G$99)-MIN(G$2:G$99)) -> 0.52439024 | S32: =(H32-MIN(H$2:H$99))/(MAX(H$2:H$99)-MIN(H$2:H$99)) -> 0.25 | T32: =SUM(N32:S32) -> 2.4689931 | V32: =Sheet3!AB32^2 -> 0.40132524 | W32: =Sheet3!AC32^2 -> 0.13432052 | X32: =V32 * C32 -> 24.48084 | Y32: =W32 * C32 -> 8.1935516 | Z32: =(C32 - 63.12)^2 + (D32 - 93.55)^2 + (E32 - 50.11)^2 + (F32 - 16.32)^2 + (G32 - 56.48)^2 + (H32 - 26.71)^2 -> 2237.4059 | AA32: =(C32 - 70.45)^2 + (D32 - 109.21)^2 + (E32 - 49.52)^2 + (F32 - 17.48)^2 + (G32 - 89.33)^2 + (H32 - 26.12)^2 -> 764.5907 | AB32: =(1/Z32) / ((1/Z32) + (1/AA32)) -> 0.25469406 | AC32: =(1/AA32) / ((1/Z32) + (1/AA32)) -> 0.74530594 | AD32: =ABS(AB32 - Sheet3!AB32) -> 0.3788083 | AF32: =IF(AB32 > AC32, 1, 2) -> 2 | AG32: =IF(OR(AND(AF32=1, K32="SEDANG"), AND(AF32=2, K32="TIDAK SEHAT")), 1, 0) -> 1
A33: 202208 | B33: 44781 | C33: 60 | D33: 84 | E33: 48 | F33: 18 | G33: 97 | H33: 27 | I33: 97 | J33: O3 | K33: SEDANG | L33: DKI2 | N33: =(C33-MIN(C$2:C$99))/(MAX(C$2:C$99)-MIN(C$2:C$99)) -> 0.56896552 | O33: =(D33-MIN(D$2:D$99))/(MAX(D$2:D$99)-MIN(D$2:D$99)) -> 0.39047619 | P33: =(E33-MIN(E$2:E$99))/(MAX(E$2:E$99)-MIN(E$2:E$99)) -> 0.25 | Q33: =(F33-MIN(F$2:F$99))/(MAX(F$2:F$99)-MIN(F$2:F$99)) -> 0.47368421 | R33: =(G33-MIN(G$2:G$99))/(MAX(G$2:G$99)-MIN(G$2:G$99)) -> 0.48780488 | S33: =(H33-MIN(H$2:H$99))/(MAX(H$2:H$99)-MIN(H$2:H$99)) -> 0.4375 | T33: =SUM(N33:S33) -> 2.6084308 | V33: =Sheet3!AB33^2 -> 0.42930075 | W33: =Sheet3!AC33^2 -> 0.11887982 | X33: =V33 * C33 -> 25.758045 | Y33: =W33 * C33 -> 7.1327895 | Z33: =(C33 - 63.12)^2 + (D33 - 93.55)^2 + (E33 - 50.11)^2 + (F33 - 16.32)^2 + (G33 - 56.48)^2 + (H33 - 26.71)^2 -> 1750.1659 | AA33: =(C33 - 70.45)^2 + (D33 - 109.21)^2 + (E33 - 49.52)^2 + (F33 - 17.48)^2 + (G33 - 89.33)^2 + (H33 - 26.12)^2 -> 806.9307 | AB33: =(1/Z33) / ((1/Z33) + (1/AA33)) -> 0.3155652 | AC33: =(1/AA33) / ((1/Z33) + (1/AA33)) -> 0.6844348 | AD33: =ABS(AB33 - Sheet3!AB33) -> 0.33964526 | AF33: =IF(AB33 > AC33, 1, 2) -> 2 | AG33: =IF(OR(AND(AF33=1, K33="SEDANG"), AND(AF33=2, K33="TIDAK SEHAT")), 1, 0) -> 0
A34: 202208 | B34: 44780 | C34: 76 | D34: 119 | E34: 50 | F34: 18 | G34: 114 | H34: 29 | I34: 119 | J34: PM2,5 | K34: TIDAK SEHAT | L34: DKI4 | N34: =(C34-MIN(C$2:C$99))/(MAX(C$2:C$99)-MIN(C$2:C$99)) -> 0.84482759 | O34: =(D34-MIN(D$2:D$99))/(MAX(D$2:D$99)-MIN(D$2:D$99)) -> 0.72380952 | P34: =(E34-MIN(E$2:E$99))/(MAX(E$2:E$99)-MIN(E$2:E$99)) -> 0.41666667 | Q34: =(F34-MIN(F$2:F$99))/(MAX(F$2:F$99)-MIN(F$2:F$99)) -> 0.47368421 | R34: =(G34-MIN(G$2:G$99))/(MAX(G$2:G$99)-MIN(G$2:G$99)) -> 0.59146341 | S34: =(H34-MIN(H$2:H$99))/(MAX(H$2:H$99)-MIN(H$2:H$99)) -> 0.5 | T34: =SUM(N34:S34) -> 3.5504514 | V34: =Sheet3!AB34^2 -> 0.33872546 | W34: =Sheet3!AC34^2 -> 0.17472295 | X34: =V34 * C34 -> 25.743135 | Y34: =W34 * C34 -> 13.278944 | Z34: =(C34 - 63.12)^2 + (D34 - 93.55)^2 + (E34 - 50.11)^2 + (F34 - 16.32)^2 + (G34 - 56.48)^2 + (H34 - 26.71)^2 -> 4130.2259 | AA34: =(C34 - 70.45)^2 + (D34 - 109.21)^2 + (E34 - 49.52)^2 + (F34 - 17.48)^2 + (G34 - 89.33)^2 + (H34 - 26.12)^2 -> 744.0507 | AB34: =(1/Z34) / ((1/Z34) + (1/AA34)) -> 0.15264844 | AC34: =(1/AA34) / ((1/Z34) + (1/AA34)) -> 0.84735156 | AD34: =ABS(AB34 - Sheet3!AB34) -> 0.42935282 | AF34: =IF(AB34 > AC34, 1, 2) -> 2 | AG34: =IF(OR(AND(AF34=1, K34="SEDANG"), AND(AF34=2, K34="TIDAK SEHAT")), 1, 0) -> 1
A35: 202208 | B35: 44779 | C35: 69 | D35: 101 | E35: 49 | F35: 19 | G35: 87 | H35: 29 | I35: 101 | J35: PM2,5 | K35: TIDAK SEHAT | L35: DKI4 | N35: =(C35-MIN(C$2:C$99))/(MAX(C$2:C$99)-MIN(C$2:C$99)) -> 0.72413793 | O35: =(D35-MIN(D$2:D$99))/(MAX(D$2:D$99)-MIN(D$2:D$99)) -> 0.55238095 | P35: =(E35-MIN(E$2:E$99))/(MAX(E$2:E$99)-MIN(E$2:E$99)) -> 0.33333333 | Q35: =(F35-MIN(F$2:F$99))/(MAX(F$2:F$99)-MIN(F$2:F$99)) -> 0.52631579 | R35: =(G35-MIN(G$2:G$99))/(MAX(G$2:G$99)-MIN(G$2:G$99)) -> 0.42682927 | S35: =(H35-MIN(H$2:H$99))/(MAX(H$2:H$99)-MIN(H$2:H$99)) -> 0.5 | T35: =SUM(N35:S35) -> 3.0629973 | V35: =Sheet3!AB35^2 -> 0.44876217 | W35: =Sheet3!AC35^2 -> 0.1089679 | X35: =V35 * C35 -> 30.96459 | Y35: =W35 * C35 -> 7.5187852 | Z35: =(C35 - 63.12)^2 + (D35 - 93.55)^2 + (E35 - 50.11)^2 + (F35 - 16.32)^2 + (G35 - 56.48)^2 + (H35 - 26.71)^2 -> 1035.2059 | AA35: =(C35 - 70.45)^2 + (D35 - 109.21)^2 + (E35 - 49.52)^2 + (F35 - 17.48)^2 + (G35 - 89.33)^2 + (H35 - 26.12)^2 -> 85.8107 | AB35: =(1/Z35) / ((1/Z35) + (1/AA35)) -> 0.076547216 | AC35: =(1/AA35) / ((1/Z35) + (1/AA35)) -> 0.92345278 | AD35: =ABS(AB35 - Sheet3!AB35) -> 0.59334992 | AF35: =IF(AB35 > AC35, 1, 2) -> 2 | AG35: =IF(OR(AND(AF35=1, K35="SEDANG"), AND(AF35=2, K35="TIDAK SEHAT")), 1, 0) -> 1
... A98: 202210 | B98: 44863 | C98: 53 | D98: 86 | E98: 51 | F98: 15 | G98: 41 | H98: 29 | I98: 86 | J98: PM2,5 | K98: SEDANG | L98: DKI4 | N98: =(C98-MIN(C$2:C$99))/(MAX(C$2:C$99)-MIN(C$2:C$99)) -> 0.44827586 | O98: =(D98-MIN(D$2:D$99))/(MAX(D$2:D$99)-MIN(D$2:D$99)) -> 0.40952381 | P98: =(E98-MIN(E$2:E$99))/(MAX(E$2:E$99)-MIN(E$2:E$99)) -> 0.5 | Q98: =(F98-MIN(F$2:F$99))/(MAX(F$2:F$99)-MIN(F$2:F$99)) -> 0.31578947 | R98: =(G98-MIN(G$2:G$99))/(MAX(G$2:G$99)-MIN(G$2:G$99)) -> 0.14634146 | S98: =(H98-MIN(H$2:H$99))/(MAX(H$2:H$99)-MIN(H$2:H$99)) -> 0.5 | T98: =SUM(N98:S98) -> 2.3199306 | V98: =Sheet3!AB98^2 -> 0.064154147 | W98: =Sheet3!AC98^2 -> 0.55758077 | X98: =V98 * C98 -> 3.4001698 | Y98: =W98 * C98 -> 29.551781 | Z98: =(C98 - 63.12)^2 + (D98 - 93.55)^2 + (E98 - 50.11)^2 + (F98 - 16.32)^2 + (G98 - 56.48)^2 + (H98 - 26.71)^2 -> 406.8259 | AA98: =(C98 - 70.45)^2 + (D98 - 109.21)^2 + (E98 - 49.52)^2 + (F98 - 17.48)^2 + (G98 - 89.33)^2 + (H98 - 26.12)^2 -> 3195.6307 | AB98: =(1/Z98) / ((1/Z98) + (1/AA98)) -> 0.88706987 | AC98: =(1/AA98) / ((1/Z98) + (1/AA98)) -> 0.11293013 | AD98: =ABS(AB98 - Sheet3!AB98) -> 0.63378318 | AF98: =IF(AB98 > AC98, 1, 2) -> 1 | AG98: =IF(OR(AND(AF98=1, K98="SEDANG"), AND(AF98=2, K98="TIDAK SEHAT")), 1, 0) -> 1
AD99: =(SUMSQ(AB2:AB99) + SUMSQ(AC2:AC99)) / 98 -> 0.69831797 | AF99: =IF(AB99 > AC99, 1, 2) -> 2 | AG99: =IF(OR(AND(AF99=1, K99="SEDANG"), AND(AF99=2, K99="TIDAK SEHAT")), 1, 0) -> 0
AG101: =SUM(AG2:AG99) / 98 -> 0.75510204

Sheet Sheet5
A1: periode_data | B1: tanggal | C1: pm_10 | D1: pm_duakomalima | E1: so2 | F1: co | G1: o3 | H1: no2 | I1: max | J1: critical | K1: categori | L1: lokasi_spku | N1: U1 | O1: U2 | P1: U1^2 | Q1: U2^2 | R1: Jarak D1 | S1: Jarak D2 | T1: F.Objektif | V1: (u1)^m | W1: (u2)^m | X1: (u1)^m.X | Y1: (u2)^m.X | Z1: d1^2 | AA1: d2^2 | AB1: u1 Baru | AC1: u2 Baru | AD1: Selisih | AF1: Label | AG1: Cek kecocokan
A2: 202212 | B2: 44926.625 | C2: 54 | D2: 73 | E2: 56 | F2: 24 | G2: 23 | H2: 24 | I2: 73 | J2: PM2,5 | K2: SEDANG | L2: DKI4 | N2: =(C2-MIN(C$2:C$99))/(MAX(C$2:C$99)-MIN(C$2:C$99)) -> 0.46551724 | O2: =(D2-MIN(D$2:D$99))/(MAX(D$2:D$99)-MIN(D$2:D$99)) -> 0.28571429 | P2: =(E2-MIN(E$2:E$99))/(MAX(E$2:E$99)-MIN(E$2:E$99)) -> 0.91666667 | Q2: =(F2-MIN(F$2:F$99))/(MAX(F$2:F$99)-MIN(F$2:F$99)) -> 0.78947368 | R2: =(G2-MIN(G$2:G$99))/(MAX(G$2:G$99)-MIN(G$2:G$99)) -> 0.036585366 | S2: =(H2-MIN(H$2:H$99))/(MAX(H$2:H$99)-MIN(H$2:H$99)) -> 0.34375 | T2: =SUM(N2:S2) -> 2.8377072 | V2: =Sheet4!AB2^2 -> 0.60602529 | W2: =Sheet4!AC2^2 -> 0.049072766 | X2: =V2 * C2 -> 32.725366 | Y2: =W2 * C2 -> 2.6499294 | Z2: =(C2-$C$102)^2 + (D2-$D$102)^2 + (E2-$E$102)^2 + (F2-$F$102)^2 + (G2-$G$102)^2 + (H2-$H$102)^2 -> 10186.088 | AA2: =(C2-$C$103)^2 + (D2-$D$103)^2 + (E2-$E$103)^2 + (F2-$F$103)^2 + (G2-$G$103)^2 + (H2-$H$103)^2 -> 10381.372 | AB2: =(1/Z2) / ((1/Z2) + (1/AA2)) -> 0.5047474 | AC2: =1 - AB2 -> 0.4952526 | AD2: =ABS(AB2 - Sheet4!AB2) -> 0.27372886 | AF2: =IF(AB2 > AC2, 1, 2) -> 1 | AG2: =IF(OR(AND(AF2=1, K2="SEDANG"), AND(AF2=2, K2="TIDAK SEHAT")), 1, 0) -> 1
A3: 202212 | B3: 44925 | C3: 40 | D3: 64 | E3: 57 | F3: 21 | G3: 17 | H3: 24 | I3: 64 | J3: PM2,5 | K3: SEDANG | L3: DKI4 | N3: =(C3-MIN(C$2:C$99))/(MAX(C$2:C$99)-MIN(C$2:C$99)) -> 0.22413793 | O3: =(D3-MIN(D$2:D$99))/(MAX(D$2:D$99)-MIN(D$2:D$99)) -> 0.2 | P3: =(E3-MIN(E$2:E$99))/(MAX(E$2:E$99)-MIN(E$2:E$99)) -> 1 | Q3: =(F3-MIN(F$2:F$99))/(MAX(F$2:F$99)-MIN(F$2:F$99)) -> 0.63157895 | R3: =(G3-MIN(G$2:G$99))/(MAX(G$2:G$99)-MIN(G$2:G$99)) -> 0 | S3: =(H3-MIN(H$2:H$99))/(MAX(H$2:H$99)-MIN(H$2:H$99)) -> 0.34375 | T3: =SUM(N3:S3) -> 2.3994669 | V3: =Sheet4!AB3^2 -> 0.53456953 | W3: =Sheet4!AC3^2 -> 0.072284292 | X3: =V3 * C3 -> 21.382781 | Y3: =W3 * C3 -> 2.8913717 | Z3: =(C3-$C$102)^2 + (D3-$D$102)^2 + (E3-$E$102)^2 + (F3-$F$102)^2 + (G3-$G$102)^2 + (H3-$H$102)^2 -> 9064.3715 | AA3: =(C3-$C$103)^2 + (D3-$D$103)^2 + (E3-$E$103)^2 + (F3-$F$103)^2 + (G3-$G$103)^2 + (H3-$H$103)^2 -> 9511.944 | AB3: =(1/Z3) / ((1/Z3) + (1/AA3)) -> 0.51204686 | AC3: =1 - AB3 -> 0.48795314 | AD3: =ABS(AB3 - Sheet4!AB3) -> 0.21909576 | AF3: =IF(AB3 > AC3, 1, 2) -> 1 | AG3: =IF(OR(AND(AF3=1, K3="SEDANG"), AND(AF3=2, K3="TIDAK SEHAT")), 1, 0) -> 1
A4: 202207 | B4: 44748 | C4: 75 | D4: 129 | E4: 45 | F4: 25 | G4: 71 | H4: 26 | I4: 129 | J4: PM2,5 | K4: TIDAK SEHAT | L4: DKI4 | N4: =(C4-MIN(C$2:C$99))/(MAX(C$2:C$99)-MIN(C$2:C$99)) -> 0.82758621 | O4: =(D4-MIN(D$2:D$99))/(MAX(D$2:D$99)-MIN(D$2:D$99)) -> 0.81904762 | P4: =(E4-MIN(E$2:E$99))/(MAX(E$2:E$99)-MIN(E$2:E$99)) -> 0 | Q4: =(F4-MIN(F$2:F$99))/(MAX(F$2:F$99)-MIN(F$2:F$99)) -> 0.84210526 | R4: =(G4-MIN(G$2:G$99))/(MAX(G$2:G$99)-MIN(G$2:G$99)) -> 0.32926829 | S4: =(H4-MIN(H$2:H$99))/(MAX(H$2:H$99)-MIN(H$2:H$99)) -> 0.40625 | T4: =SUM(N4:S4) -> 3.2242574 | V4: =Sheet4!AB4^2 -> 0.10591863 | W4: =Sheet4!AC4^2 -> 0.45501577 | X4: =V4 * C4 -> 7.9438975 | Y4: =W4 * C4 -> 34.126183 | Z4: =(C4-$C$102)^2 + (D4-$D$102)^2 + (E4-$E$102)^2 + (F4-$F$102)^2 + (G4-$G$102)^2 + (H4-$H$102)^2 -> 25223.164 | AA4: =(C4-$C$103)^2 + (D4-$D$103)^2 + (E4-$E$103)^2 + (F4-$F$103)^2 + (G4-$G$103)^2 + (H4-$H$103)^2 -> 25040.015 | AB4: =(1/Z4) / ((1/Z4) + (1/AA4)) -> 0.4981781 | AC4: =1 - AB4 -> 0.5018219 | AD4: =ABS(AB4 - Sheet4!AB4) -> 0.17272667 | AF4: =IF(AB4 > AC4, 1, 2) -> 2 | AG4: =IF(OR(AND(AF4=1, K4="SEDANG"), AND(AF4=2, K4="TIDAK SEHAT")), 1, 0) -> 1
A5: 202207 | B5: 44747 | C5: 66 | D5: 110 | E5: 47 | F5: 16 | G5: 61 | H5: 23 | I5: 110 | J5: PM2,5 | K5: TIDAK SEHAT | L5: DKI4 | N5: =(C5-MIN(C$2:C$99))/(MAX(C$2:C$99)-MIN(C$2:C$99)) -> 0.67241379 | O5: =(D5-MIN(D$2:D$99))/(MAX(D$2:D$99)-MIN(D$2:D$99)) -> 0.63809524 | P5: =(E5-MIN(E$2:E$99))/(MAX(E$2:E$99)-MIN(E$2:E$99)) -> 0.16666667 | Q5: =(F5-MIN(F$2:F$99))/(MAX(F$2:F$99)-MIN(F$2:F$99)) -> 0.36842105 | R5: =(G5-MIN(G$2:G$99))/(MAX(G$2:G$99)-MIN(G$2:G$99)) -> 0.26829268 | S5: =(H5-MIN(H$2:H$99))/(MAX(H$2:H$99)-MIN(H$2:H$99)) -> 0.3125 | T5: =SUM(N5:S5) -> 2.4263894 | V5: =Sheet4!AB5^2 -> 0.52223908 | W5: =Sheet4!AC5^2 -> 0.07691686 | X5: =V5 * C5 -> 34.467779 | Y5: =W5 * C5 -> 5.0765128 | Z5: =(C5-$C$102)^2 + (D5-$D$102)^2 + (E5-$E$102)^2 + (F5-$F$102)^2 + (G5-$G$102)^2 + (H5-$H$102)^2 -> 18847.131 | AA5: =(C5-$C$103)^2 + (D5-$D$103)^2 + (E5-$E$103)^2 + (F5-$F$103)^2 + (G5-$G$103)^2 + (H5-$H$103)^2 -> 18826.168 | AB5: =(1/Z5) / ((1/Z5) + (1/AA5)) -> 0.49972177 | AC5: =1 - AB5 -> 0.50027823 | AD5: =ABS(AB5 - Sheet4!AB5) -> 0.22293934 | AF5: =IF(AB5 > AC5, 1, 2) -> 2 | AG5: =IF(OR(AND(AF5=1, K5="SEDANG"), AND(AF5=2, K5="TIDAK SEHAT")), 1, 0) -> 1
A6: 202207 | B6: 44746 | C6: 56 | D6: 78 | E6: 49 | F6: 11 | G6: 60 | H6: 13 | I6: 78 | J6: PM2,5 | K6: SEDANG | L6: DKI4 | N6: =(C6-MIN(C$2:C$99))/(MAX(C$2:C$99)-MIN(C$2:C$99)) -> 0.5 | O6: =(D6-MIN(D$2:D$99))/(MAX(D$2:D$99)-MIN(D$2:D$99)) -> 0.33333333 | P6: =(E6-MIN(E$2:E$99))/(MAX(E$2:E$99)-MIN(E$2:E$99)) -> 0.33333333 | Q6: =(F6-MIN(F$2:F$99))/(MAX(F$2:F$99)-MIN(F$2:F$99)) -> 0.10526316 | R6: =(G6-MIN(G$2:G$99))/(MAX(G$2:G$99)-MIN(G$2:G$99)) -> 0.26219512 | S6: =(H6-MIN(H$2:H$99))/(MAX(H$2:H$99)-MIN(H$2:H$99)) -> 0 | T6: =SUM(N6:S6) -> 1.5341249 | V6: =Sheet4!AB6^2 -> 0.65948109 | W6: =Sheet4!AC6^2 -> 0.035312268 | X6: =V6 * C6 -> 36.930941 | Y6: =W6 * C6 -> 1.977487 | Z6: =(C6-$C$102)^2 + (D6-$D$102)^2 + (E6-$E$102)^2 + (F6-$F$102)^2 + (G6-$G$102)^2 + (H6-$H$102)^2 -> 12393.762 | AA6: =(C6-$C$103)^2 + (D6-$D$103)^2 + (E6-$E$103)^2 + (F6-$F$103)^2 + (G6-$G$103)^2 + (H6-$H$103)^2 -> 12553.005 | AB6: =(1/Z6) / ((1/Z6) + (1/AA6)) -> 0.50319165 | AC6: =1 - AB6 -> 0.49680835 | AD6: =ABS(AB6 - Sheet4!AB6) -> 0.30889276 | AF6: =IF(AB6 > AC6, 1, 2) -> 1 | AG6: =IF(OR(AND(AF6=1, K6="SEDANG"), AND(AF6=2, K6="TIDAK SEHAT")), 1, 0) -> 1
A7: 202207 | B7: 44745 | C7: 78 | D7: 126 | E7: 48 | F7: 17 | G7: 126 | H7: 25 | I7: 126 | J7: PM2,5 | K7: TIDAK SEHAT | L7: DKI2 | N7: =(C7-MIN(C$2:C$99))/(MAX(C$2:C$99)-MIN(C$2:C$99)) -> 0.87931034 | O7: =(D7-MIN(D$2:D$99))/(MAX(D$2:D$99)-MIN(D$2:D$99)) -> 0.79047619 | P7: =(E7-MIN(E$2:E$99))/(MAX(E$2:E$99)-MIN(E$2:E$99)) -> 0.25 | Q7: =(F7-MIN(F$2:F$99))/(MAX(F$2:F$99)-MIN(F$2:F$99)) -> 0.42105263 | R7: =(G7-MIN(G$2:G$99))/(MAX(G$2:G$99)-MIN(G$2:G$99)) -> 0.66463415 | S7: =(H7-MIN(H$2:H$99))/(MAX(H$2:H$99)-MIN(H$2:H$99)) -> 0.375 | T7: =SUM(N7:S7) -> 3.3804733 | V7: =Sheet4!AB7^2 -> 0.046767493 | W7: =Sheet4!AC7^2 -> 0.61425163 | X7: =V7 * C7 -> 3.6478644 | Y7: =W7 * C7 -> 47.911627 | Z7: =(C7-$C$102)^2 + (D7-$D$102)^2 + (E7-$E$102)^2 + (F7-$F$102)^2 + (G7-$G$102)^2 + (H7-$H$102)^2 -> 35282.174 | AA7: =(C7-$C$103)^2 + (D7-$D$103)^2 + (E7-$E$103)^2 + (F7-$F$103)^2 + (G7-$G$103)^2 + (H7-$H$103)^2 -> 35044.964 | AB7: =(1/Z7) / ((1/Z7) + (1/AA7)) -> 0.49831352 | AC7: =1 - AB7 -> 0.50168648 | AD7: =ABS(AB7 - Sheet4!AB7) -> 0.28205559 | AF7: =IF(AB7 > AC7, 1, 2) -> 2 | AG7: =IF(OR(AND(AF7=1, K7="SEDANG"), AND(AF7=2, K7="TIDAK SEHAT")), 1, 0) -> 1 | AJ7: Total Data | AK7: Data Cocok | AL7: Akurasi Akhir | AM7: Jumlah Iterasi
A8: 202207 | B8: 44744 | C8: 81 | D8: 137 | E8: 47 | F8: 18 | G8: 106 | H8: 29 | I8: 137 | J8: PM2,5 | K8: TIDAK SEHAT | L8: DKI4 | N8: =(C8-MIN(C$2:C$99))/(MAX(C$2:C$99)-MIN(C$2:C$99)) -> 0.93103448 | O8: =(D8-MIN(D$2:D$99))/(MAX(D$2:D$99)-MIN(D$2:D$99)) -> 0.8952381 | P8: =(E8-MIN(E$2:E$99))/(MAX(E$2:E$99)-MIN(E$2:E$99)) -> 0.16666667 | Q8: =(F8-MIN(F$2:F$99))/(MAX(F$2:F$99)-MIN(F$2:F$99)) -> 0.47368421 | R8: =(G8-MIN(G$2:G$99))/(MAX(G$2:G$99)-MIN(G$2:G$99)) -> 0.54268293 | S8: =(H8-MIN(H$2:H$99))/(MAX(H$2:H$99)-MIN(H$2:H$99)) -> 0.5 | T8: =SUM(N8:S8) -> 3.5093064 | V8: =Sheet4!AB8^2 -> 0.04038352 | W8: =Sheet4!AC8^2 -> 0.6384705 | X8: =V8 * C8 -> 3.2710651 | Y8: =W8 * C8 -> 51.71611 | Z8: =(C8-$C$102)^2 + (D8-$D$102)^2 + (E8-$E$102)^2 + (F8-$F$102)^2 + (G8-$G$102)^2 + (H8-$H$102)^2 -> 33806.185 | AA8: =(C8-$C$103)^2 + (D8-$D$103)^2 + (E8-$E$103)^2 + (F8-$F$103)^2 + (G8-$G$103)^2 + (H8-$H$103)^2 -> 33514.913 | AB8: =(1/Z8) / ((1/Z8) + (1/AA8)) -> 0.49783669 | AC8: =1 - AB8 -> 0.50216331 | AD8: =ABS(AB8 - Sheet4!AB8) -> 0.29688018 | AF8: =IF(AB8 > AC8, 1, 2) -> 2 | AG8: =IF(OR(AND(AF8=1, K8="SEDANG"), AND(AF8=2, K8="TIDAK SEHAT")), 1, 0) -> 1 | AJ8: 98 | AK8: 82 | AL8: 83,67% | AM8: 5 kali
A9: 202208 | B9: 44774 | C9: 68 | D9: 109 | E9: 50 | F9: 12 | G9: 91 | H9: 19 | I9: 109 | J9: PM2,5 | K9: TIDAK SEHAT | L9: DKI4 | N9: =(C9-MIN(C$2:C$99))/(MAX(C$2:C$99)-MIN(C$2:C$99)) -> 0.70689655 | O9: =(D9-MIN(D$2:D$99))/(MAX(D$2:D$99)-MIN(D$2:D$99)) -> 0.62857143 | P9: =(E9-MIN(E$2:E$99))/(MAX(E$2:E$99)-MIN(E$2:E$99)) -> 0.41666667 | Q9: =(F9-MIN(F$2:F$99))/(MAX(F$2:F$99)-MIN(F$2:F$99)) -> 0.15789474 | R9: =(G9-MIN(G$2:G$99))/(MAX(G$2:G$99)-MIN(G$2:G$99)) -> 0.45121951 | S9: =(H9-MIN(H$2:H$99))/(MAX(H$2:H$99)-MIN(H$2:H$99)) -> 0.1875 | T9: =SUM(N9:S9) -> 2.5487489 | V9: =Sheet4!AB9^2 -> 0.0030642959 | W9: =Sheet4!AC9^2 -> 0.89235213 | X9: =V9 * C9 -> 0.20837212 | Y9: =W9 * C9 -> 60.679945 | Z9: =(C9-$C$102)^2 + (D9-$D$102)^2 + (E9-$E$102)^2 + (F9-$F$102)^2 + (G9-$G$102)^2 + (H9-$H$102)^2 -> 23225.805 | AA9: =(C9-$C$103)^2 + (D9-$D$103)^2 + (E9-$E$103)^2 + (F9-$F$103)^2 + (G9-$G$103)^2 + (H9-$H$103)^2 -> 23168.801 | AB9: =(1/Z9) / ((1/Z9) + (1/AA9)) -> 0.49938565 | AC9: =1 - AB9 -> 0.50061435 | AD9: =ABS(AB9 - Sheet4!AB9) -> 0.44402957 | AF9: =IF(AB9 > AC9, 1, 2) -> 2 | AG9: =IF(OR(AND(AF9=1, K9="SEDANG"), AND(AF9=2, K9="TIDAK SEHAT")), 1, 0) -> 1
A10: 202208 | B10: 44804 | C10: 85 | D10: 148 | E10: 51 | F10: 25 | G10: 74 | H10: 37 | I10: 148 | J10: PM2,5 | K10: TIDAK SEHAT | L10: DKI4 | N10: =(C10-MIN(C$2:C$99))/(MAX(C$2:C$99)-MIN(C$2:C$99)) -> 1 | O10: =(D10-MIN(D$2:D$99))/(MAX(D$2:D$99)-MIN(D$2:D$99)) -> 1 | P10: =(E10-MIN(E$2:E$99))/(MAX(E$2:E$99)-MIN(E$2:E$99)) -> 0.5 | Q10: =(F10-MIN(F$2:F$99))/(MAX(F$2:F$99)-MIN(F$2:F$99)) -> 0.84210526 | R10: =(G10-MIN(G$2:G$99))/(MAX(G$2:G$99)-MIN(G$2:G$99)) -> 0.34756098 | S10: =(H10-MIN(H$2:H$99))/(MAX(H$2:H$99)-MIN(H$2:H$99)) -> 0.75 | T10: =SUM(N10:S10) -> 4.4396662 | V10: =Sheet4!AB10^2 -> 0.12332622 | W10: =Sheet4!AC10^2 -> 0.42096955 | X10: =V10 * C10 -> 10.482729 | Y10: =W10 * C10 -> 35.782412 | Z10: =(C10-$C$102)^2 + (D10-$D$102)^2 + (E10-$E$102)^2 + (F10-$F$102)^2 + (G10-$G$102)^2 + (H10-$H$102)^2 -> 32583.533 | AA10: =(C10-$C$103)^2 + (D10-$D$103)^2 + (E10-$E$103)^2 + (F10-$F$103)^2 + (G10-$G$103)^2 + (H10-$H$103)^2 -> 32220.178 | AB10: =(1/Z10) / ((1/Z10) + (1/AA10)) -> 0.49719649 | AC10: =1 - AB10 -> 0.50280351 | AD10: =ABS(AB10 - Sheet4!AB10) -> 0.14601816 | AF10: =IF(AB10 > AC10, 1, 2) -> 2 | AG10: =IF(OR(AND(AF10=1, K10="SEDANG"), AND(AF10=2, K10="TIDAK SEHAT")), 1, 0) -> 1
A11: 202208 | B11: 44803 | C11: 59 | D11: 84 | E11: 50 | F11: 15 | G11: 56 | H11: 29 | I11: 84 | J11: PM2,5 | K11: SEDANG | L11: DKI4 | N11: =(C11-MIN(C$2:C$99))/(MAX(C$2:C$99)-MIN(C$2:C$99)) -> 0.55172414 | O11: =(D11-MIN(D$2:D$99))/(MAX(D$2:D$99)-MIN(D$2:D$99)) -> 0.39047619 | P11: =(E11-MIN(E$2:E$99))/(MAX(E$2:E$99)-MIN(E$2:E$99)) -> 0.41666667 | Q11: =(F11-MIN(F$2:F$99))/(MAX(F$2:F$99)-MIN(F$2:F$99)) -> 0.31578947 | R11: =(G11-MIN(G$2:G$99))/(MAX(G$2:G$99)-MIN(G$2:G$99)) -> 0.23780488 | S11: =(H11-MIN(H$2:H$99))/(MAX(H$2:H$99)-MIN(H$2:H$99)) -> 0.5 | T11: =SUM(N11:S11) -> 2.4124613 | V11: =Sheet4!AB11^2 -> 0.88833635 | W11: =Sheet4!AC11^2 -> 0.0033044141 | X11: =V11 * C11 -> 52.411844 | Y11: =W11 * C11 -> 0.19496043 | Z11: =(C11-$C$102)^2 + (D11-$D$102)^2 + (E11-$E$102)^2 + (F11-$F$102)^2 + (G11-$G$102)^2 + (H11-$H$102)^2 -> 13759.773 | AA11: =(C11-$C$103)^2 + (D11-$D$103)^2 + (E11-$E$103)^2 + (F11-$F$103)^2 + (G11-$G$103)^2 + (H11-$H$103)^2 -> 13864.954 | AB11: =(1/Z11) / ((1/Z11) + (1/AA11)) -> 0.50190374 | AC11: =1 - AB11 -> 0.49809626 | AD11: =ABS(AB11 - Sheet4!AB11) -> 0.44061222 | AF11: =IF(AB11 > AC11, 1, 2) -> 1 | AG11: =IF(OR(AND(AF11=1, K11="SEDANG"), AND(AF11=2, K11="TIDAK SEHAT")), 1, 0) -> 1
A12: 202208 | B12: 44802 | C12: 58 | D12: 82 | E12: 49 | F12: 16 | G12: 55 | H12: 29 | I12: 82 | J12: PM2,5 | K12: SEDANG | L12: DKI4 | N12: =(C12-MIN(C$2:C$99))/(MAX(C$2:C$99)-MIN(C$2:C$99)) -> 0.53448276 | O12: =(D12-MIN(D$2:D$99))/(MAX(D$2:D$99)-MIN(D$2:D$99)) -> 0.37142857 | P12: =(E12-MIN(E$2:E$99))/(MAX(E$2:E$99)-MIN(E$2:E$99)) -> 0.33333333 | Q12: =(F12-MIN(F$2:F$99))/(MAX(F$2:F$99)-MIN(F$2:F$99)) -> 0.36842105 | R12: =(G12-MIN(G$2:G$99))/(MAX(G$2:G$99)-MIN(G$2:G$99)) -> 0.23170732 | S12: =(H12-MIN(H$2:H$99))/(MAX(H$2:H$99)-MIN(H$2:H$99)) -> 0.5 | T12: =SUM(N12:S12) -> 2.339373 | V12: =Sheet4!AB12^2 -> 0.8561135 | W12: =Sheet4!AC12^2 -> 0.0055854675 | X12: =V12 * C12 -> 49.654583 | Y12: =W12 * C12 -> 0.32395712 | Z12: =(C12-$C$102)^2 + (D12-$D$102)^2 + (E12-$E$102)^2 + (F12-$F$102)^2 + (G12-$G$102)^2 + (H12-$H$102)^2 -> 13252.436 | AA12: =(C12-$C$103)^2 + (D12-$D$103)^2 + (E12-$E$103)^2 + (F12-$F$103)^2 + (G12-$G$103)^2 + (H12-$H$103)^2 -> 13375.638 | AB12: =(1/Z12) / ((1/Z12) + (1/AA12)) -> 0.50231337 | AC12: =1 - AB12 -> 0.49768663 | AD12: =ABS(AB12 - Sheet4!AB12) -> 0.42295064 | AF12: =IF(AB12 > AC12, 1, 2) -> 1 | AG12: =IF(OR(AND(AF12=1, K12="SEDANG"), AND(AF12=2, K12="TIDAK SEHAT")), 1, 0) -> 1
A13: 202208 | B13: 44801 | C13: 64 | D13: 85 | E13: 49 | F13: 17 | G13: 56 | H13: 30 | I13: 85 | J13: PM2,5 | K13: SEDANG | L13: DKI5 | N13: =(C13-MIN(C$2:C$99))/(MAX(C$2:C$99)-MIN(C$2:C$99)) -> 0.63793103 | O13: =(D13-MIN(D$2:D$99))/(MAX(D$2:D$99)-MIN(D$2:D$99)) -> 0.4 | P13: =(E13-MIN(E$2:E$99))/(MAX(E$2:E$99)-MIN(E$2:E$99)) -> 0.33333333 | Q13: =(F13-MIN(F$2:F$99))/(MAX(F$2:F$99)-MIN(F$2:F$99)) -> 0.42105263 | R13: =(G13-MIN(G$2:G$99))/(MAX(G$2:G$99)-MIN(G$2:G$99)) -> 0.23780488 | S13: =(H13-MIN(H$2:H$99))/(MAX(H$2:H$99)-MIN(H$2:H$99)) -> 0.53125 | T13: =SUM(N13:S13) -> 2.5613719 | V13: =Sheet4!AB13^2 -> 0.9080967 | W13: =Sheet4!AC13^2 -> 0.002214542 | X13: =V13 * C13 -> 58.118189 | Y13: =W13 * C13 -> 0.14173069 | Z13: =(C13-$C$102)^2 + (D13-$D$102)^2 + (E13-$E$102)^2 + (F13-$F$102)^2 + (G13-$G$102)^2 + (H13-$H$102)^2 -> 13964.458 | AA13: =(C13-$C$103)^2 + (D13-$D$103)^2 + (E13-$E$103)^2 + (F13-$F$103)^2 + (G13-$G$103)^2 + (H13-$H$103)^2 -> 13979.535 | AB13: =(1/Z13) / ((1/Z13) + (1/AA13)) -> 0.50026979 | AC13: =1 - AB13 -> 0.49973021 | AD13: =ABS(AB13 - Sheet4!AB13) -> 0.45267129 | AF13: =IF(AB13 > AC13, 1, 2) -> 1 | AG13: =IF(OR(AND(AF13=1, K13="SEDANG"), AND(AF13=2, K13="TIDAK SEHAT")), 1, 0) -> 1
A14: 202208 | B14: 44800 | C14: 80 | D14: 130 | E14: 50 | F14: 25 | G14: 57 | H14: 37 | I14: 130 | J14: PM2,5 | K14: TIDAK SEHAT | L14: DKI4 | N14: =(C14-MIN(C$2:C$99))/(MAX(C$2:C$99)-MIN(C$2:C$99)) -> 0.9137931 | O14: =(D14-MIN(D$2:D$99))/(MAX(D$2:D$99)-MIN(D$2:D$99)) -> 0.82857143 | P14: =(E14-MIN(E$2:E$99))/(MAX(E$2:E$99)-MIN(E$2:E$99)) -> 0.41666667 | Q14: =(F14-MIN(F$2:F$99))/(MAX(F$2:F$99)-MIN(F$2:F$99)) -> 0.84210526 | R14: =(G14-MIN(G$2:G$99))/(MAX(G$2:G$99)-MIN(G$2:G$99)) -> 0.24390244 | S14: =(H14-MIN(H$2:H$99))/(MAX(H$2:H$99)-MIN(H$2:H$99)) -> 0.75 | T14: =SUM(N14:S14) -> 3.9950389 | V14: =Sheet4!AB14^2 -> 0.24281345 | W14: =Sheet4!AC14^2 -> 0.25729135 | X14: =V14 * C14 -> 19.425076 | Y14: =W14 * C14 -> 20.583308 | Z14: =(C14-$C$102)^2 + (D14-$D$102)^2 + (E14-$E$102)^2 + (F14-$F$102)^2 + (G14-$G$102)^2 + (H14-$H$102)^2 -> 25029.848 | AA14: =(C14-$C$103)^2 + (D14-$D$103)^2 + (E14-$E$103)^2 + (F14-$F$103)^2 + (G14-$G$103)^2 + (H14-$H$103)^2 -> 24756.596 | AB14: =(1/Z14) / ((1/Z14) + (1/AA14)) -> 0.49725576 | AC14: =1 - AB14 -> 0.50274424 | AD14: =ABS(AB14 - Sheet4!AB14) -> 0.0044947063 | AF14: =IF(AB14 > AC14, 1, 2) -> 2 | AG14: =IF(OR(AND(AF14=1, K14="SEDANG"), AND(AF14=2, K14="TIDAK SEHAT")), 1, 0) -> 1
A15: 202208 | B15: 44799 | C15: 76 | D15: 119 | E15: 53 | F15: 19 | G15: 53 | H15: 31 | I15: 119 | J15: PM2,5 | K15: TIDAK SEHAT | L15: DKI4 | N15: =(C15-MIN(C$2:C$99))/(MAX(C$2:C$99)-MIN(C$2:C$99)) -> 0.84482759 | O15: =(D15-MIN(D$2:D$99))/(MAX(D$2:D$99)-MIN(D$2:D$99)) -> 0.72380952 | P15: =(E15-MIN(E$2:E$99))/(MAX(E$2:E$99)-MIN(E$2:E$99)) -> 0.66666667 | Q15: =(F15-MIN(F$2:F$99))/(MAX(F$2:F$99)-MIN(F$2:F$99)) -> 0.52631579 | R15: =(G15-MIN(G$2:G$99))/(MAX(G$2:G$99)-MIN(G$2:G$99)) -> 0.2195122 | S15: =(H15-MIN(H$2:H$99))/(MAX(H$2:H$99)-MIN(H$2:H$99)) -> 0.5625 | T15: =SUM(N15:S15) -> 3.5436318 | V15: =Sheet4!AB15^2 -> 0.40109284 | W15: =Sheet4!AC15^2 -> 0.13445502 | X15: =V15 * C15 -> 30.483056 | Y15: =W15 * C15 -> 10.218582 | Z15: =(C15-$C$102)^2 + (D15-$D$102)^2 + (E15-$E$102)^2 + (F15-$F$102)^2 + (G15-$G$102)^2 + (H15-$H$102)^2 -> 21346.501 | AA15: =(C15-$C$103)^2 + (D15-$D$103)^2 + (E15-$E$103)^2 + (F15-$F$103)^2 + (G15-$G$103)^2 + (H15-$H$103)^2 -> 21145.331 | AB15: =(1/Z15) / ((1/Z15) + (1/AA15)) -> 0.49763284 | AC15: =1 - AB15 -> 0.50236716 | AD15: =ABS(AB15 - Sheet4!AB15) -> 0.13568607 | AF15: =IF(AB15 > AC15, 1, 2) -> 2 | AG15: =IF(OR(AND(AF15=1, K15="SEDANG"), AND(AF15=2, K15="TIDAK SEHAT")), 1, 0) -> 1
A16: 202208 | B16: 44798 | C16: 64 | D16: 98 | E16: 50 | F16: 12 | G16: 66 | H16: 19 | I16: 98 | J16: PM2,5 | K16: SEDANG | L16: DKI4 | N16: =(C16-MIN(C$2:C$99))/(MAX(C$2:C$99)-MIN(C$2:C$99)) -> 0.63793103 | O16: =(D16-MIN(D$2:D$99))/(MAX(D$2:D$99)-MIN(D$2:D$99)) -> 0.52380952 | P16: =(E16-MIN(E$2:E$99))/(MAX(E$2:E$99)-MIN(E$2:E$99)) -> 0.41666667 | Q16: =(F16-MIN(F$2:F$99))/(MAX(F$2:F$99)-MIN(F$2:F$99)) -> 0.15789474 | R16: =(G16-MIN(G$2:G$99))/(MAX(G$2:G$99)-MIN(G$2:G$99)) -> 0.29878049 | S16: =(H16-MIN(H$2:H$99))/(MAX(H$2:H$99)-MIN(H$2:H$99)) -> 0.1875 | T16: =SUM(N16:S16) -> 2.2225824 | V16: =Sheet4!AB16^2 -> 0.65152612 | W16: =Sheet4!AC16^2 -> 0.03718276 | X16: =V16 * C16 -> 41.697672 | Y16: =W16 * C16 -> 2.3796967 | Z16: =(C16-$C$102)^2 + (D16-$D$102)^2 + (E16-$E$102)^2 + (F16-$F$102)^2 + (G16-$G$102)^2 + (H16-$H$102)^2 -> 16978.458 | AA16: =(C16-$C$103)^2 + (D16-$D$103)^2 + (E16-$E$103)^2 + (F16-$F$103)^2 + (G16-$G$103)^2 + (H16-$H$103)^2 -> 16993.535 | AB16: =(1/Z16) / ((1/Z16) + (1/AA16)) -> 0.50022191 | AC16: =1 - AB16 -> 0.49977809 | AD16: =ABS(AB16 - Sheet4!AB16) -> 0.30694977 | AF16: =IF(AB16 > AC16, 1, 2) -> 1 | AG16: =IF(OR(AND(AF16=1, K16="SEDANG"), AND(AF16=2, K16="TIDAK SEHAT")), 1, 0) -> 1
A17: 202208 | B17: 44797 | C17: 71 | D17: 119 | E17: 50 | F17: 15 | G17: 82 | H17: 20 | I17: 119 | J17: PM2,5 | K17: TIDAK SEHAT | L17: DKI4 | N17: =(C17-MIN(C$2:C$99))/(MAX(C$2:C$99)-MIN(C$2:C$99)) -> 0.75862069 | O17: =(D17-MIN(D$2:D$99))/(MAX(D$2:D$99)-MIN(D$2:D$99)) -> 0.72380952 | P17: =(E17-MIN(E$2:E$99))/(MAX(E$2:E$99)-MIN(E$2:E$99)) -> 0.41666667 | Q17: =(F17-MIN(F$2:F$99))/(MAX(F$2:F$99)-MIN(F$2:F$99)) -> 0.31578947 | R17: =(G17-MIN(G$2:G$99))/(MAX(G$2:G$99)-MIN(G$2:G$99)) -> 0.39634146 | S17: =(H17-MIN(H$2:H$99))/(MAX(H$2:H$99)-MIN(H$2:H$99)) -> 0.21875 | T17: =SUM(N17:S17) -> 2.8299778 | V17: =Sheet4!AB17^2 -> 0.014629269 | W17: =Sheet4!AC17^2 -> 0.77272624 | X17: =V17 * C17 -> 1.0386781 | Y17: =W17 * C17 -> 54.863563 | Z17: =(C17-$C$102)^2 + (D17-$D$102)^2 + (E17-$E$102)^2 + (F17-$F$102)^2 + (G17-$G$102)^2 + (H17-$H$102)^2 -> 24123.816 | AA17: =(C17-$C$103)^2 + (D17-$D$103)^2 + (E17-$E$103)^2 + (F17-$F$103)^2 + (G17-$G$103)^2 + (H17-$H$103)^2 -> 24012.749 | AB17: =(1/Z17) / ((1/Z17) + (1/AA17)) -> 0.49884634 | AC17: =1 - AB17 -> 0.50115366 | AD17: =ABS(AB17 - Sheet4!AB17) -> 0.37789482 | AF17: =IF(AB17 > AC17, 1, 2) -> 2 | AG17: =IF(OR(AND(AF17=1, K17="SEDANG"), AND(AF17=2, K17="TIDAK SEHAT")), 1, 0) -> 1
A18: 202208 | B18: 44796 | C18: 76 | D18: 116 | E18: 49 | F18: 17 | G18: 81 | H18: 27 | I18: 116 | J18: PM2,5 | K18: TIDAK SEHAT | L18: DKI4 | N18: =(C18-MIN(C$2:C$99))/(MAX(C$2:C$99)-MIN(C$2:C$99)) -> 0.84482759 | O18: =(D18-MIN(D$2:D$99))/(MAX(D$2:D$99)-MIN(D$2:D$99)) -> 0.6952381 | P18: =(E18-MIN(E$2:E$99))/(MAX(E$2:E$99)-MIN(E$2:E$99)) -> 0.33333333 | Q18: =(F18-MIN(F$2:F$99))/(MAX(F$2:F$99)-MIN(F$2:F$99)) -> 0.42105263 | R18: =(G18-MIN(G$2:G$99))/(MAX(G$2:G$99)-MIN(G$2:G$99)) -> 0.3902439 | S18: =(H18-MIN(H$2:H$99))/(MAX(H$2:H$99)-MIN(H$2:H$99)) -> 0.4375 | T18: =SUM(N18:S18) -> 3.1221955 | V18: =Sheet4!AB18^2 -> 0.01079275 | W18: =Sheet4!AC18^2 -> 0.80301643 | X18: =V18 * C18 -> 0.82024898 | Y18: =W18 * C18 -> 61.029249 | Z18: =(C18-$C$102)^2 + (D18-$D$102)^2 + (E18-$E$102)^2 + (F18-$F$102)^2 + (G18-$G$102)^2 + (H18-$H$102)^2 -> 23681.501 | AA18: =(C18-$C$103)^2 + (D18-$D$103)^2 + (E18-$E$103)^2 + (F18-$F$103)^2 + (G18-$G$103)^2 + (H18-$H$103)^2 -> 23480.331 | AB18: =(1/Z18) / ((1/Z18) + (1/AA18)) -> 0.49786724 | AC18: =1 - AB18 -> 0.50213276 | AD18: =ABS(AB18 - Sheet4!AB18) -> 0.39397908 | AF18: =IF(AB18 > AC18, 1, 2) -> 2 | AG18: =IF(OR(AND(AF18=1, K18="SEDANG"), AND(AF18=2, K18="TIDAK SEHAT")), 1, 0) -> 1
A19: 202208 | B19: 44795 | C19: 57 | D19: 78 | E19: 49 | F19: 13 | G19: 79 | H19: 22 | I19: 79 | J19: O3 | K19: SEDANG | L19: DKI2 | N19: =(C19-MIN(C$2:C$99))/(MAX(C$2:C$99)-MIN(C$2:C$99)) -> 0.51724138 | O19: =(D19-MIN(D$2:D$99))/(MAX(D$2:D$99)-MIN(D$2:D$99)) -> 0.33333333 | P19: =(E19-MIN(E$2:E$99))/(MAX(E$2:E$99)-MIN(E$2:E$99)) -> 0.33333333 | Q19: =(F19-MIN(F$2:F$99))/(MAX(F$2:F$99)-MIN(F$2:F$99)) -> 0.21052632 | R19: =(G19-MIN(G$2:G$99))/(MAX(G$2:G$99)-MIN(G$2:G$99)) -> 0.37804878 | S19: =(H19-MIN(H$2:H$99))/(MAX(H$2:H$99)-MIN(H$2:H$99)) -> 0.28125 | T19: =SUM(N19:S19) -> 2.0537331 | V19: =Sheet4!AB19^2 -> 0.37549773 | W19: =Sheet4!AC19^2 -> 0.14994034 | X19: =V19 * C19 -> 21.40337 | Y19: =W19 * C19 -> 8.5465994 | Z19: =(C19-$C$102)^2 + (D19-$D$102)^2 + (E19-$E$102)^2 + (F19-$F$102)^2 + (G19-$G$102)^2 + (H19-$H$102)^2 -> 15390.099 | AA19: =(C19-$C$103)^2 + (D19-$D$103)^2 + (E19-$E$103)^2 + (F19-$F$103)^2 + (G19-$G$103)^2 + (H19-$H$103)^2 -> 15531.321 | AB19: =(1/Z19) / ((1/Z19) + (1/AA19)) -> 0.50228356 | AC19: =1 - AB19 -> 0.49771644 | AD19: =ABS(AB19 - Sheet4!AB19) -> 0.11049513 | AF19: =IF(AB19 > AC19, 1, 2) -> 1 | AG19: =IF(OR(AND(AF19=1, K19="SEDANG"), AND(AF19=2, K19="TIDAK SEHAT")), 1, 0) -> 1
A20: 202208 | B20: 44794 | C20: 59 | D20: 101 | E20: 49 | F20: 13 | G20: 65 | H20: 17 | I20: 101 | J20: PM2,5 | K20: TIDAK SEHAT | L20: DKI4 | N20: =(C20-MIN(C$2:C$99))/(MAX(C$2:C$99)-MIN(C$2:C$99)) -> 0.55172414 | O20: =(D20-MIN(D$2:D$99))/(MAX(D$2:D$99)-MIN(D$2:D$99)) -> 0.55238095 | P20: =(E20-MIN(E$2:E$99))/(MAX(E$2:E$99)-MIN(E$2:E$99)) -> 0.33333333 | Q20: =(F20-MIN(F$2:F$99))/(MAX(F$2:F$99)-MIN(F$2:F$99)) -> 0.21052632 | R20: =(G20-MIN(G$2:G$99))/(MAX(G$2:G$99)-MIN(G$2:G$99)) -> 0.29268293 | S20: =(H20-MIN(H$2:H$99))/(MAX(H$2:H$99)-MIN(H$2:H$99)) -> 0.125 | T20: =SUM(N20:S20) -> 2.0656477 | V20: =Sheet4!AB20^2 -> 0.60897337 | W20: =Sheet4!AC20^2 -> 0.048238453 | X20: =V20 * C20 -> 35.929429 | Y20: =W20 * C20 -> 2.8460687 | Z20: =(C20-$C$102)^2 + (D20-$D$102)^2 + (E20-$E$102)^2 + (F20-$F$102)^2 + (G20-$G$102)^2 + (H20-$H$102)^2 -> 17286.773 | AA20: =(C20-$C$103)^2 + (D20-$D$103)^2 + (E20-$E$103)^2 + (F20-$F$103)^2 + (G20-$G$103)^2 + (H20-$H$103)^2 -> 17391.954 | AB20: =(1/Z20) / ((1/Z20) + (1/AA20)) -> 0.5015165 | AC20: =1 - AB20 -> 0.4984835 | AD20: =ABS(AB20 - Sheet4!AB20) -> 0.27885096 | AF20: =IF(AB20 > AC20, 1, 2) -> 1 | AG20: =IF(OR(AND(AF20=1, K20="SEDANG"), AND(AF20=2, K20="TIDAK SEHAT")), 1, 0) -> 0
... A98: 202210 | B98: 44863 | C98: 53 | D98: 86 | E98: 51 | F98: 15 | G98: 41 | H98: 29 | I98: 86 | J98: PM2,5 | K98: SEDANG | L98: DKI4 | N98: =(C98-MIN(C$2:C$99))/(MAX(C$2:C$99)-MIN(C$2:C$99)) -> 0.44827586 | O98: =(D98-MIN(D$2:D$99))/(MAX(D$2:D$99)-MIN(D$2:D$99)) -> 0.40952381 | P98: =(E98-MIN(E$2:E$99))/(MAX(E$2:E$99)-MIN(E$2:E$99)) -> 0.5 | Q98: =(F98-MIN(F$2:F$99))/(MAX(F$2:F$99)-MIN(F$2:F$99)) -> 0.31578947 | R98: =(G98-MIN(G$2:G$99))/(MAX(G$2:G$99)-MIN(G$2:G$99)) -> 0.14634146 | S98: =(H98-MIN(H$2:H$99))/(MAX(H$2:H$99)-MIN(H$2:H$99)) -> 0.5 | T98: =SUM(N98:S98) -> 2.3199306 | V98: =Sheet4!AB98^2 -> 0.78689295 | W98: =Sheet4!AC98^2 -> 0.012753215 | X98: =V98 * C98 -> 41.705326 | Y98: =W98 * C98 -> 0.67592038 | Z98: =(C98-$C$102)^2 + (D98-$D$102)^2 + (E98-$E$102)^2 + (F98-$F$102)^2 + (G98-$G$102)^2 + (H98-$H$102)^2 -> 12797.751 | AA98: =(C98-$C$103)^2 + (D98-$D$103)^2 + (E98-$E$103)^2 + (F98-$F$103)^2 + (G98-$G$103)^2 + (H98-$H$103)^2 -> 13011.056 | AB98: =(1/Z98) / ((1/Z98) + (1/AA98)) -> 0.5041324 | AC98: =1 - AB98 -> 0.4958676 | AD98: =ABS(AB98 - Sheet4!AB98) -> 0.38293747 | AF98: =IF(AB98 > AC98, 1, 2) -> 1 | AG98: =IF(OR(AND(AF98=1, K98="SEDANG"), AND(AF98=2, K98="TIDAK SEHAT")), 1, 0) -> 1
AD99: =(SUMSQ(AB2:AB99) + SUMSQ(AC2:AC99)) / 98 -> 0.49494097 | AF99: =IF(AB99 > AC99, 1, 2) -> 2 | AG99: =IF(OR(AND(AF99=1, K99="SEDANG"), AND(AF99=2, K99="TIDAK SEHAT")), 1, 0) -> 0
AD101: =MAX(AD2:AD99) -> 0.49494097 | AE101: =(SUMSQ(AB2:AB99) + SUMSQ(AC2:AC99)) / 98 -> 0.49494097 | AG101: =SUM(AG2:AG99) / 98 -> 0.83673469
C102: =SUM(X2:X99) / SUM(V2:V99) -> 60.33154
C103: =SUM(Y2:Y99) / SUM(W2:W99) -> 69.341848
